First Name,Last Name,Phone,Country,College,Enrollment Status,Counsellor,Fee Currency,Fee Amount,Fee Paid,Balance Due,Fee Payment Status,Student ID,Deadline Date
Binta,KAMAU,Not Found,Nigeria,SRM UNIVERSITY,In Progress,priya,INR,45000,0,,,EDO7182,04-03-2026
CHIDI,girma,264733532804,Namibia,Sharda University,Applied,Manan,,$750,394,,,EDO9400,15-12-2025
Emmanuel,kariuki,267310851528,Botswana,Amity Noida,Dropped,AKSHAY,,$750,455,,,EDO8757,25-04-2025
EMMANUEL,mokoena,854746785,Ethiopia,LPU,Active,Manan,,USD 750,750,,,EDO6256,21-06-2026
AMARA,Khumalo,Not Found,Rwanda,bennett university,Applied,PRIYA,,1000 USD,323,,,EDO9451,04-05-2024
Chisom,toure,N/A,Ethiopia,Amity Noida,Active,Unknown,,2000 USD,2000,,,EDO4531,11-12-2025
Omondi,MENSAH,+250116654206,Rwanda,Not Assigned,Pending,MAYANK,,Rs.60000,0,,,EDO8712,30-08-2024
SAMUEL,Wanjiru,+233 217 127 848,Ghana,Bennett University,In Progress,Abdul,INR,45000,0,,,EDO5331,21-12-2026
faith,MTHEMBU,+265 724 387 750,Malawi,Chitkara University,On Hold,Vivek,INR,1000,277,,,EDO9232,13-06-2025
MUTUA,OBI,+233189324495,Ghana,VIT University,Enrolled,Priya,Rs,1500,248,,,EDO6038,26-09-2026
PEACE,Sithole,N/A,Ethiopia,,Active,Unknown,Rs,750,97,,,EDO1731,03-07-2026
SOLOMON,,264998447456,Namibia,chitkara university,In Progress,Unknown,Rs,750,600,,,EDO7681,17-08-2026
Peace,Zungu,+265136819955,Malawi,UPES,Enrolled,Akshay,,1000 USD,575,,,EDO1790,26-12-2026
Linet,MUMBA,+255064212206,Tanzania,amity noida,Waitlisted,priya,,"$1,000",389,,,EDO5482,05-01-2026
ZANELE,quartey,542629926,Zimbabwe,SRM Chennai,Waitlisted,Vivek,USD,1000,1000,,,EDO8272,02-04-2025
MUSA,MWALE,+27162012998,South Africa,MANIPAL UNIVERSITY,Pending,MANAN,,Rs.45000,18104,,,EDO9884,19-06-2025
Nomsa,Nwosu,+264 921 776 353,Namibia,AMITY UNIVERSITY,Applied,Priya,,750 USD,142,,,EDO2369,14-12-2025
FAITH,Achieng,583410378,Namibia,UPES,Enrolled,Not Found,USD,1500,1500,,,EDO3368,13-05-2024
TUNDE,mbewe,792737340,Zambia,UPES,Active,Priya,,45000 INR,45000,,,EDO2678,22-11-2024
otieno,GYASI,+264576730723,Namibia,LOVELY PROFESSIONAL UNIVERSITY,Active,MANAN,,$750,0,,,EDO5343,21-08-2024
Omondi,uche,+260081851818,Zambia,Manipal University,On Hold,Priya,,USD 750,367,,,EDO4822,07-Jun-2026
BINTA,Zulu,Not Found,Cameroon,SRM Chennai,Enrolled,ABDUL,,$750,750,,,EDO7055,14-10-2026
KARIUKI,barry,N/A,Zimbabwe,Sharda University,Active,Vivek,,INR 75000,75000,,,EDO8060,29-11-2026
Ibrahim,wanjiru,265997758073,Malawi,Sharda University,Enrolled,Priya,,INR 45000,31922,,,EDO6681,02-06-2025
nomsa,mutua,+260844537854,Zambia,Amity University,Pending,PRIYA,,1000 USD,1000,,,EDO8434,19-12-2025
ngozi,Diallo,Not Found,Kenya,SRM Chennai,Pending,Abdul,INR,60000,0,,,EDO5740,29-09-2026
Grace,BANDA,N/A,Zambia,upes,Pending,Akshay,,"$3,000",206,,,EDO3639,15-06-2026
Wanjiru,diop,+265 811 629 644,Malawi,Manipal University,Pending,MANAN,USD,2500,525,,,EDO8580,31-03-2026
HOPE,Kebede,+254 138 899 873,Kenya,SRM Chennai,In Progress,vivek,,USD 750,0,,,EDO7976,06-05-2025
Emmanuel,Owusu,+267432121130,Botswana,srm university,Waitlisted,Not Assigned,INR,75000,61566,,,EDO8588,24-10-2024
Kofi,MUMBA,251408274040,Ethiopia,manipal university,Active,MAYANK,,USD 750,0,,,EDO2770,18-03-2024
Zara,obi,265145142198,Malawi,SRM University,Dropped,MAYANK,INR,75000,75000,,,EDO6500,14-12-2024
Victor,gyasi,256319559100,Uganda,LOVELY PROFESSIONAL UNIVERSITY,Enrolled,Unknown,,$750,750,,,EDO6939,27-11-2026
ibrahim,fall,785562711,South Africa,,Applied,Mayank,,"$3,000",0,,,EDO1548,12-05-2025
Nomsa,Obi,+254575734964,Kenya,LPU,On Hold,Manan,USD,1000,1000,,,EDO5845,13-12-2025
ADAEZE,Tembo,+263386036001,Zimbabwe,Chitkara University,Waitlisted,Mayank,,USD 2500,2500,,,EDO7717,08-04-2024
Nkechi,alemu,+27059303663,South Africa,Amity Noida,Enrolled,priya,USD,1000,1000,,,EDO7377,05-06-2025
VICTOR,Abebe,+264811130468,Namibia,Manipal University,Applied,AKSHAY,USD,750,64,,,EDO3776,11-06-2024
daniel,,+255077654941,Tanzania,Amity Noida,Active,AKSHAY,,1500 USD,1500,,,EDO1475,06-12-2024
Isaac,ANNAN,263146697590,Zimbabwe,SRM University,Pending,Priya,,"$2,000",0,,,EDO8165,23-04-2024
JOY,Tembo,Not Found,Botswana,SRM University,Waitlisted,Akshay,,USD 1500,455,,,EDO6609,26-12-2024
HOPE,tadesse,+233936741903,Ghana,VIT University,Inactive,Mayank,,USD 2500,0,,,EDO7284,30-07-2024
SIPHO,Mokoena,+267 973 448 559,Botswana,LPU,Dropped,Priya,USD,2500,2500,,,EDO4667,26-05-2026
Ngozi,TESFAYE,255270933708,Tanzania,bennett university,Dropped,Akshay,INR,45000,10166,,,EDO9975,11-02-2024
Daniel,ADEYEMI,578876473,Rwanda,Lovely Professional University,Pending,PRIYA,,2500 USD,1411,,,EDO7085,18-01-2025
MOSES,ADEYEMI,+256326389907,Uganda,Manipal University,Deferred,Manan,$,2500,148,,,EDO5406,25-07-2025
Lebo,Appiah,263298856440,Zimbabwe,Not Assigned,Enrolled,Manan,USD,1000,596,,,EDO7552,04-04-2025
blessing,MABASO,+265 555 426 635,Malawi,LPU,Active,MAYANK,,3000 USD,851,,,EDO8833,26-09-2026
hassan,Haile,519277772,Tanzania,Bennett University,Enrolled,Priya,,$750,135,,,EDO9786,25-12-2026
ADE,,Not Found,Cameroon,SRM UNIVERSITY,Waitlisted,vivek,,"$2,500",469,,,EDO3597,11-Mar-2024
Peace,Alemu,+237828600165,Cameroon,SHARDA UNIVERSITY,Waitlisted,Vivek,INR,60000,0,,,EDO4495,13-04-2026
otieno,MWALE,+255578009146,Tanzania,SRM Chennai,Applied,Not Assigned,USD,1000,156,,,EDO1295,13-05-2026
Musa,annan,+251448935670,Ethiopia,LPU,Enrolled,Not Found,,USD 3000,3000,,,EDO1255,06-04-2025
WANJIRU,Tesfaye,+237420470724,Cameroon,UPES,Deferred,Akshay,,USD 2500,0,,,EDO8803,14-06-2024
victor,KEBEDE,612729410,Ethiopia,LOVELY PROFESSIONAL UNIVERSITY,Active,Abdul,,60000 INR,0,,,EDO1118,16-01-2024
Sade,TEMBO,251246559472,Ethiopia,AMITY NOIDA,Dropped,Unknown,,INR 45000,5556,,,EDO1303,26-01-2026
KAMAU,PHIRI,+256022793612,Uganda,SRM University,On Hold,Vivek,INR,60000,12643,,,EDO5162,07-Nov-2026
otieno,Sithole,583345213,Kenya,UPES,Pending,abdul,,Rs.45000,12634,,,EDO5104,09-01-2025
Hope,tesfaye,,Nigeria,Lovely Professional University,Dropped,Not Assigned,,INR 60000,0,,,EDO1172,12-08-2024
MUSA,OMONDI,787845546,Cameroon,bennett university,Waitlisted,Mayank,USD,1000,142,,,EDO7391,27-03-2024
CHISOM,KARIUKI,+27956233050,South Africa,Manipal University,Enrolled,Vivek,,USD 3000,3000,,,EDO3464,05-09-2025
Emeka,Diop,+264 595 672 730,Namibia,bennett university,Inactive,abdul,INR,3000,0,,,EDO5202,26-09-2024
AMINATA,gyasi,+265239946420,Malawi,upes,Active,Abdul,,USD 1000,0,,,EDO4419,20-04-2024
kariuki,Mabaso,265159785133,Malawi,SRM UNIVERSITY,Active,Abdul,,Rs.75000,75000,,,EDO3441,13-06-2026
Victor,Kamau,+250735249445,Rwanda,Chitkara University,Pending,Akshay,USD,750,0,,,EDO9660,16-10-2026
tendai,Njoroge,+265165834023,Malawi,UPES,Dropped,vivek,,USD 2500,690,,,EDO5798,05-08-2025
ruth,njoroge,416635216,Tanzania,VIT UNIVERSITY,Waitlisted,mayank,USD,60000,3016,,,EDO6102,27-06-2026
NIA,Dike,+237492390323,Cameroon,UPES,Pending,Priya,,USD 750,750,,,EDO5727,02-Dec-2026
Hassan,adeyemi,234432315970,Nigeria,bennett university,Waitlisted,Akshay,USD,1000,1000,,,EDO5712,24-04-2025
aminata,MTHEMBU,237263415551,Cameroon,LPU,On Hold,AKSHAY,USD,2000,2000,,,EDO5013,29-04-2025
Kofi,abebe,+255385128897,Tanzania,AMITY UNIVERSITY,Pending,priya,,USD 750,78,,,EDO3883,02-08-2026
NJOROGE,okeke,,Nigeria,VIT University,Inactive,akshay,USD,750,386,,,EDO6636,29-03-2026
Nkechi,Tadesse,+234229449303,Nigeria,Amity University,In Progress,priya,,Rs.60000,8488,,,EDO9395,17-10-2025
HALIMA,banda,,Nigeria,SRM University,Enrolled,mayank,USD,1000,1000,,,EDO6795,25-12-2024
FATIMA,KHUMALO,256172559229,Uganda,chitkara university,Waitlisted,Mayank,USD,2500,2500,,,EDO6551,31-12-2025
ABRAHAM,KAPINGA,+233 516 505 586,Ghana,SHARDA UNIVERSITY,Pending,Mayank,,"$3,000",0,,,EDO9377,01-01-2024
Moses,Asante,,Rwanda,Lovely Professional University,Enrolled,vivek,,INR 45000,13062,,,EDO1840,13-06-2026
abena,FALL,+255 434 588 783,Tanzania,srm university,Enrolled,Vivek,USD,3000,0,,,EDO1291,21-08-2024
Kemi,DIALLO,+255727085211,Tanzania,LOVELY PROFESSIONAL UNIVERSITY,Enrolled,akshay,,INR 60000,3749,,,EDO6252,27-06-2026
Emeka,Kariuki,255404398036,Tanzania,,Pending,Priya,INR,2500,0,,,EDO5150,28-05-2026
JOY,Mbewe,+264433811157,Namibia,bennett university,Enrolled,Akshay,,USD 750,0,,,EDO5171,23-09-2024
OTIENO,Cele,+237819081535,Cameroon,SRM University,Enrolled,Priya,,"$1,000",1000,,,EDO4917,05-Jun-2025
blessing,Mumba,+267 632 002 904,Botswana,Lovely Professional University,Active,Unknown,Rs,75000,15860,,,EDO6089,13-03-2025
YEMI,Okeke,237890895974,Cameroon,VIT University,Waitlisted,Mayank,,USD 1000,105,,,EDO8145,03-Aug-2025
Otieno,ANNAN,+251304530781,Ethiopia,amity university,Enrolled,Manan,,INR 60000,0,,,EDO4310,11-08-2025
Kemi,Annan,+255948227722,Tanzania,VIT University,Deferred,Mayank,,USD 1000,266,,,EDO5409,21-04-2025
EBUKA,NKOSI,253195418,Cameroon,Manipal University,Inactive,vivek,USD,1000,1000,,,EDO7528,23-07-2024
Peace,mwangi,+234539603717,Nigeria,LPU,In Progress,Abdul,,USD 3000,786,,,EDO7171,05-02-2025
Tunde,eze,+263 562 575 422,Zimbabwe,Bennett University,Applied,MAYANK,,1000 USD,275,,,EDO8502,16-10-2025
Joy,Mumba,,Ghana,manipal university,Pending,Abdul,USD,3000,3000,,,EDO5763,27-10-2025
grace,Mensah,+233024531772,Ghana,LPU,Active,MAYANK,USD,3000,728,,,EDO5842,01-01-2026
Aminata,Adjei,,Zimbabwe,,Active,Not Found,USD,2500,1824,,,EDO5005,08-01-2026
moses,Tadesse,250748861694,Rwanda,,Enrolled,Priya,USD,1500,1500,,,EDO3512,19-05-2025
fatima,wanjiru,,Rwanda,Sharda University,In Progress,mayank,,"$2,500",1771,,,EDO1445,22-08-2025
Hassan,okeke,644353806,South Africa,Chitkara University,Pending,VIVEK,,USD 1500,68,,,EDO9925,21-11-2025
nomsa,MVULA,260640446027,Zambia,Sharda University,Pending,priya,,$750,0,,,EDO1566,06-Apr-2024
Aisha,bekele,705831392,Botswana,srm university,Waitlisted,Priya,,USD 3000,3000,,,EDO7865,02-11-2024
Chisom,Diallo,+260335576110,Zambia,Amity Noida,Deferred,akshay,,USD 1500,0,,,EDO3451,05-Jul-2026
rutendo,Nkosi,+27339063120,South Africa,Bennett University,Waitlisted,manan,INR,75000,75000,,,EDO2471,20-06-2026
Omondi,ZULU,+237845435102,Cameroon,Amity Noida,Active,abdul,,1500 USD,0,,,EDO3183,19-02-2024
Ade,Kapinga,+27 505 591 609,South Africa,upes,Enrolled,Unknown,INR,45000,3458,,,EDO7276,23-03-2025
Grace,Otieno,+267100907885,Botswana,Amity Noida,Waitlisted,Mayank,INR,2000,0,,,EDO1955,01-07-2024
SOLOMON,diallo,911555612,Zimbabwe,VIT University,Applied,Vivek,,45000 INR,45000,,,EDO1341,22-12-2026
Nkechi,Ndlovu,+233 238 736 286,Ghana,,Active,abdul,USD,3000,892,,,EDO6161,13-02-2025
LINET,Tembo,+260 936 434 380,Zambia,Amity University,On Hold,MAYANK,INR,1500,62,,,EDO4050,16-03-2026
Mutua,,254096936999,Kenya,SRM University,In Progress,akshay,INR,75000,10894,,,EDO9350,14-12-2025
MUTUA,Eze,55897370,Nigeria,,Enrolled,vivek,,2500 USD,1344,,,EDO3581,03-04-2024
BINTA,kariuki,,Namibia,Amity University,On Hold,vivek,USD,750,0,,,EDO2588,12-11-2024
CHISOM,Mumba,256221706484,Uganda,Chitkara University,Pending,Vivek,inr,1000,0,,,EDO7219,02-Jan-2026
Ade,obi,+267 327 107 744,Botswana,,Active,Vivek,USD,2500,1985,,,EDO4743,17-07-2024
Rutendo,barry,250984932405,Rwanda,Chitkara University,Enrolled,mayank,,Rs.75000,0,,,EDO2640,12-03-2024
Nia,Camara,,Malawi,VIT University,On Hold,Manan,,45000 INR,0,,,EDO4544,04-04-2025
TENDAI,balde,+267983945352,Botswana,Amity Noida,Dropped,abdul,USD,45000,3803,,,EDO2580,04-10-2024
Hassan,DIALLO,256086916324,Uganda,SRM Chennai,Pending,Not Found,,INR 60000,39878,,,EDO1512,17-10-2026
Yemi,DLAMINI,,Ethiopia,SRM Chennai,Enrolled,VIVEK,USD,750,49,,,EDO1701,11-06-2026
OLUMIDE,Camara,255777846306,Tanzania,manipal university,Active,abdul,USD,3000,541,,,EDO2876,15-02-2026
Fatima,Otieno,+27949142274,South Africa,Chitkara University,Pending,Abdul,USD,2500,1037,,,EDO6658,01-12-2026
AMARA,tesfaye,237477967390,Cameroon,MANIPAL UNIVERSITY,Inactive,vivek,USD,1000,1000,,,EDO3969,25-11-2026
omondi,Mwangi,+256638273444,Uganda,lovely professional university,Enrolled,Vivek,INR,45000,7077,,,EDO6650,10-May-2024
nomsa,Ndiaye,197941521,Ethiopia,VIT University,Enrolled,akshay,INR,60000,38270,,,EDO8603,26-12-2025
Omar,MBEWE,+263973687371,Zimbabwe,,On Hold,Priya,USD,1500,0,,,EDO6000,23-04-2025
kariuki,Banda,,Zimbabwe,amity noida,Dropped,Akshay,,INR 75000,17515,,,EDO9780,02-11-2024
Victor,nwosu,+265548931728,Malawi,MANIPAL UNIVERSITY,Enrolled,MANAN,,USD 2500,494,,,EDO4196,30-05-2024
blessing,Adjei,+255 825 053 980,Tanzania,LPU,Active,Not Found,,USD 1500,1500,,,EDO8121,20-09-2025
nomsa,ZULU,255909173869,Tanzania,chitkara university,Applied,Mayank,USD,45000,7658,,,EDO2827,12-05-2026
omondi,BOATENG,439109669,Cameroon,Manipal University,Pending,Abdul,,2500 USD,854,,,EDO9575,08-Oct-2025
Abena,ndiaye,,Ghana,UPES,Enrolled,Abdul,Rs,45000,12928,,,EDO2751,30-03-2024
Halima,Dlamini,256891425609,Uganda,lpu,Enrolled,Mayank,INR,75000,75000,,,EDO2212,31-12-2026
faith,Camara,+233076291229,Ghana,amity noida,Pending,Unknown,,45000 INR,45000,,,EDO3513,12-08-2024
moses,TESFAYE,,Cameroon,amity noida,Pending,Priya,,1500 USD,1500,,,EDO7908,09-Jan-2024
Isaac,haile,327370086,Tanzania,Chitkara University,Active,Not Found,USD,3000,1469,,,EDO4159,20-11-2026
TUNDE,Tadesse,,Uganda,Not Assigned,Enrolled,Abdul,,Rs.60000,50436,,,EDO9224,10-Apr-2025
DANIEL,Appiah,+233214090595,Ghana,Amity Noida,Pending,Unknown,,"$2,000",478,,,EDO3057,23-11-2026
ruth,Ndlovu,,Kenya,,On Hold,Unknown,INR,75000,47841,,,EDO5600,20-12-2026
aisha,Cele,+263773985702,Zimbabwe,Amity Noida,Enrolled,Not Assigned,,Rs.60000,60000,,,EDO1052,28-11-2025
HALIMA,Owusu,626949898,Nigeria,Amity Noida,Enrolled,ABDUL,USD,1500,1234,,,EDO1613,18-08-2024
mwangi,ADEYEMI,195396193,Namibia,amity noida,Pending,VIVEK,,60000 INR,15408,,,EDO4002,09-05-2026
hope,,792446578,Namibia,UPES,Enrolled,Priya,,2000 USD,210,,,EDO6661,19-02-2026
victor,MVULA,+251254906257,Ethiopia,Not Assigned,Deferred,Manan,USD,750,750,,,EDO7866,02-08-2026
Kariuki,Kapinga,264671945008,Namibia,MANIPAL UNIVERSITY,On Hold,MAYANK,INR,75000,75000,,,EDO9587,19-11-2026
blessing,Asante,+251955268728,Ethiopia,lovely professional university,In Progress,Akshay,,USD 2500,0,,,EDO2443,05-10-2026
Halima,CAMARA,+265343840427,Malawi,Amity University,In Progress,abdul,,2500 USD,442,,,EDO6026,21-12-2025
Grace,Ndiaye,233003235129,Ghana,LPU,On Hold,Abdul,USD,2000,569,,,EDO6253,01-04-2026
halima,KARIUKI,586869166,Tanzania,Amity University,Enrolled,Mayank,,75000 INR,0,,,EDO7551,06-06-2026
Otieno,,+267168429364,Botswana,vit university,Active,Vivek,,"$3,000",496,,,EDO6235,20-10-2026
Faith,,,Cameroon,amity university,Applied,Priya,,USD 750,750,,,EDO7466,09-Apr-2024
olumide,nkosi,+267 316 866 689,Botswana,MANIPAL UNIVERSITY,Waitlisted,AKSHAY,USD,750,750,,,EDO1113,10-09-2024
SOLOMON,Mvula,,Nigeria,Amity University,Enrolled,Not Found,,75000 INR,47493,,,EDO3853,03-03-2025
aisha,Uche,+263 337 154 800,Zimbabwe,SRM CHENNAI,Pending,vivek,,USD 1500,0,,,EDO3158,27-05-2026
KAMAU,ZUNGU,,Zambia,SRM UNIVERSITY,Inactive,Akshay,,3000 USD,534,,,EDO1615,16-11-2026
Joy,MUTUA,+265394193990,Malawi,,Dropped,vivek,USD,750,59,,,EDO8654,13-10-2025
NJOROGE,APPIAH,609232092,Uganda,Manipal University,Enrolled,akshay,,USD 2500,0,,,EDO3037,13-05-2026
Chidi,fall,+254785619819,Kenya,Lovely Professional University,Enrolled,VIVEK,,USD 750,413,,,EDO9498,24-11-2026
SAMUEL,nwachukwu,+267 774 341 040,Botswana,Bennett University,Deferred,Akshay,,USD 3000,0,,,EDO6857,08-01-2026
kariuki,Mumba,+27701680287,South Africa,vit university,Deferred,Unknown,,750 USD,0,,,EDO3932,23-06-2025
Tendai,Phiri,,Ethiopia,VIT University,On Hold,Akshay,,USD 3000,3000,,,EDO4401,08-12-2026
Nkechi,Sithole,+267048803452,Botswana,amity noida,Pending,Akshay,,INR 45000,0,,,EDO4793,23-10-2026
hope,nwachukwu,,Botswana,Manipal University,Enrolled,Manan,,USD 1000,1000,,,EDO6228,29-01-2025
lebo,Ndiaye,,Tanzania,SHARDA UNIVERSITY,Enrolled,vivek,,USD 1500,0,,,EDO6659,28-09-2025
KWAME,mvula,+251282576230,Ethiopia,BENNETT UNIVERSITY,Enrolled,MANAN,USD,1000,175,,,EDO9060,25-08-2025
thabo,nwosu,332150952,Ghana,Bennett University,Enrolled,Vivek,INR,75000,75000,,,EDO2224,03-06-2025
Wanjiru,ABEBE,+250195908350,Rwanda,UPES,Dropped,Akshay,INR,75000,0,,,EDO5256,15-04-2025
NKECHI,eze,234672474258,Nigeria,vit university,Enrolled,Manan,,INR 45000,45000,,,EDO2394,23-12-2024
RUTH,khumalo,+233132078160,Ghana,Amity Noida,Pending,Manan,,USD 1500,1500,,,EDO5324,03-10-2025
Amira,Cele,112330359,South Africa,sharda university,Enrolled,Not Assigned,,1500 USD,642,,,EDO7157,28-09-2024
AMARA,Diallo,234434381115,Nigeria,VIT University,In Progress,Not Found,USD,2000,333,,,EDO9766,21-07-2026
Amara,Asante,+254036725265,Kenya,Bennett University,Waitlisted,Abdul,USD,3000,773,,,EDO1105,19-12-2025
Kofi,Asante,+267604125108,Botswana,Amity Noida,Inactive,VIVEK,,INR 75000,75000,,,EDO1320,24-09-2024
kofi,,255195237600,Tanzania,Lovely Professional University,In Progress,Not Found,INR,75000,51274,,,EDO3543,20-11-2025
Isaac,Dike,+256 342 328 603,Uganda,VIT UNIVERSITY,Enrolled,abdul,,Rs.45000,0,,,EDO8433,12-Aug-2024
Fatima,Owusu,,Botswana,LPU,Dropped,PRIYA,USD,3000,459,,,EDO4786,24-03-2025
Ebuka,Mwangi,,Cameroon,SRM University,Waitlisted,Vivek,INR,60000,20927,,,EDO8274,06-Nov-2025
ADE,Banda,+250155442951,Rwanda,manipal university,Enrolled,VIVEK,Rs,3000,0,,,EDO1711,02-02-2026
Ebuka,BANDA,27699198895,South Africa,Lovely Professional University,Active,akshay,,45000 INR,25665,,,EDO7024,30-06-2025
Aisha,nwachukwu,,Namibia,SRM University,Inactive,Vivek,,USD 750,750,,,EDO1078,24-10-2024
NOMSA,bekele,+27984896326,South Africa,LPU,In Progress,Priya,,"$1,000",1000,,,EDO8498,25-07-2026
MOSES,Achieng,447584927,Rwanda,SRM University,Enrolled,abdul,,3000 USD,3000,,,EDO4599,20-03-2025
ibrahim,,+234285664109,Nigeria,SRM University,Active,Priya,,USD 1000,0,,,EDO6150,25-09-2025
Solomon,Mwangi,192870168,Rwanda,,Enrolled,VIVEK,,"$3,000",173,,,EDO7485,26-06-2026
AMINATA,Girma,+265177983624,Malawi,SRM University,In Progress,Akshay,,"$2,000",0,,,EDO8114,28-02-2025
kwame,eze,250078922475,Rwanda,LPU,Active,VIVEK,,"$2,000",0,,,EDO9554,25-11-2026
Aisha,Diop,+233 773 658 082,Ghana,amity university,On Hold,VIVEK,,INR 45000,2978,,,EDO4215,28-02-2024
HALIMA,APPIAH,+263450868844,Zimbabwe,SRM University,On Hold,Abdul,inr,1500,1165,,,EDO7223,26-04-2026
HOPE,obi,120266710,Kenya,Lovely Professional University,Enrolled,Vivek,,USD 2500,1061,,,EDO4582,07-06-2025
TUNDE,Owusu,+27415338219,South Africa,SRM Chennai,On Hold,Akshay,inr,2500,0,,,EDO8148,03-04-2025
rutendo,gyasi,786066484,Tanzania,LPU,Active,MANAN,USD,2000,361,,,EDO3742,19-07-2024
Peace,mensah,+27690386261,South Africa,LPU,Pending,Priya,,INR 75000,0,,,EDO3909,01-08-2026
Mwangi,Nwosu,233636168542,Ghana,amity noida,Waitlisted,Akshay,USD,750,750,,,EDO6725,15-08-2024
Aisha,Cele,,Ethiopia,CHITKARA UNIVERSITY,Enrolled,Not Assigned,,Rs.45000,8167,,,EDO8142,29-02-2024
Linet,Girma,,Ghana,upes,Inactive,akshay,,USD 2000,375,,,EDO7113,14-08-2024
CHISOM,OWINO,+237341385448,Cameroon,Lovely Professional University,In Progress,Manan,,"$1,500",28,,,EDO1620,22-05-2024
KWAME,Tembo,+265797122350,Malawi,vit university,On Hold,Manan,$,2500,526,,,EDO9188,11-03-2025
wanjiru,Diop,+267601387915,Botswana,sharda university,Pending,Mayank,,$750,314,,,EDO8286,08-03-2025
KWAME,BANDA,,Kenya,Lovely Professional University,Deferred,Akshay,$,75000,0,,,EDO9591,18-02-2024
mutua,NKOSI,260203545381,Zambia,Sharda University,Pending,manan,INR,75000,52159,,,EDO6517,29-04-2025
Emmanuel,BEKELE,+237520616112,Cameroon,Sharda University,Deferred,Mayank,INR,45000,0,,,EDO3109,04-Sep-2024
JOY,Diallo,,Malawi,Chitkara University,Inactive,ABDUL,,"$3,000",0,,,EDO4832,01-11-2026
Aisha,Appiah,264318757872,Namibia,SRM University,On Hold,PRIYA,USD,1000,49,,,EDO9702,23-03-2025
omondi,,+234 822 163 982,Nigeria,amity noida,Dropped,Not Found,USD,750,252,,,EDO1166,23-05-2026
Omondi,ASANTE,863932533,South Africa,SRM Chennai,Pending,Abdul,,"$1,000",61,,,EDO1092,23-10-2024
Nkechi,Owusu,+251 992 779 117,Ethiopia,LPU,Pending,Akshay,,3000 USD,0,,,EDO1542,21-06-2025
Abena,camara,+254319955630,Kenya,,Enrolled,Abdul,,INR 45000,0,,,EDO4247,27-09-2024
femi,KEBEDE,+233571070722,Ghana,Sharda University,Active,Not Assigned,,USD 1500,920,,,EDO3944,23-04-2025
wanjiru,sithole,+254360206969,Kenya,Amity University,Enrolled,PRIYA,,USD 1500,59,,,EDO5266,22-08-2024
Femi,okeke,869277266,Nigeria,,In Progress,Not Found,,$750,432,,,EDO4291,28-04-2026
fatima,Kariuki,+251 478 092 929,Ethiopia,chitkara university,Waitlisted,Unknown,USD,1000,1000,,,EDO2490,12-01-2024
Amara,ALEMU,+250 897 884 021,Rwanda,Amity Noida,Dropped,Vivek,USD,3000,1543,,,EDO9095,06-08-2025
Wanjiru,Kebede,+267900302769,Botswana,Lovely Professional University,Active,Not Found,,2000 USD,2000,,,EDO5910,12-07-2024
Tunde,okafor,+265060030890,Malawi,Amity University,Dropped,Not Assigned,usd,2500,0,,,EDO8234,24-08-2024
Nia,kariuki,237269194484,Cameroon,srm chennai,Pending,AKSHAY,,USD 1000,405,,,EDO4023,03-Jan-2026
YUSUF,Balde,+263631425939,Zimbabwe,Lovely Professional University,Active,mayank,inr,60000,60000,,,EDO9454,12-03-2025
KAMAU,NJOROGE,+251728616072,Ethiopia,UPES,Pending,Unknown,,Rs.45000,29148,,,EDO7975,18-04-2024
RUTH,uche,+234863663889,Nigeria,manipal university,Deferred,VIVEK,,"$2,500",101,,,EDO7530,21-02-2024
Mutua,Owusu,,Tanzania,SRM University,Dropped,VIVEK,INR,60000,3413,,,EDO8145,02-05-2025
Adaeze,Mbewe,260247185824,Zambia,UPES,Enrolled,Abdul,USD,750,89,,,EDO8246,21-07-2026
DANIEL,Wanjiru,+260942151808,Zambia,UPES,Enrolled,priya,INR,75000,46112,,,EDO6401,01-Mar-2026
Ngozi,barry,,Botswana,VIT University,Enrolled,MAYANK,USD,750,425,,,EDO4575,26-08-2025
isaac,mabaso,+251615514353,Ethiopia,SHARDA UNIVERSITY,Enrolled,Manan,,"$2,500",2500,,,EDO7805,09-02-2026
Kamau,Achieng,,Uganda,Amity Noida,Dropped,Vivek,,"$1,500",0,,,EDO3843,01-Feb-2025
Rutendo,Banda,+27545383694,South Africa,SRM University,Pending,AKSHAY,,1500 USD,1500,,,EDO3331,01-04-2024
Mwangi,HAILE,+255 103 552 675,Tanzania,Sharda University,Enrolled,vivek,USD,2000,423,,,EDO6342,12-09-2024
Sipho,kebede,+233107597411,Ghana,amity noida,Active,Unknown,,"$2,000",1376,,,EDO7689,18-03-2026
lebo,MBEWE,+255211537480,Tanzania,UPES,Active,priya,,INR 60000,7001,,,EDO5394,02-09-2026
OLUMIDE,mensah,+256 911 537 959,Uganda,Sharda University,Active,Not Found,,USD 3000,373,,,EDO4615,03-Aug-2026
linet,Phiri,,Kenya,LPU,Enrolled,Akshay,USD,3000,728,,,EDO8612,30-05-2024
Kariuki,cele,27999333898,South Africa,SRM CHENNAI,Inactive,Priya,INR,45000,38038,,,EDO8789,28-10-2024
Aisha,ndlovu,+250178414587,Rwanda,lpu,Deferred,Not Found,USD,750,490,,,EDO2645,23-07-2024
tunde,AMPOFO,,Uganda,LPU,Pending,PRIYA,Rs,75000,28962,,,EDO2220,22-03-2026
Kofi,boateng,+27119191508,South Africa,Sharda University,Pending,Akshay,,"$1,500",272,,,EDO9153,11-03-2026
Sipho,Okeke,+255272442317,Tanzania,Chitkara University,Inactive,Mayank,usd,3000,2292,,,EDO6794,01-08-2026
Amara,Achieng,+250588357628,Rwanda,Sharda University,Pending,Unknown,,1500 USD,427,,,EDO8412,20-05-2026
WANJIRU,GIRMA,+254417649069,Kenya,SRM UNIVERSITY,Dropped,mayank,,Rs.60000,0,,,EDO5289,19-03-2025
grace,BARRY,,South Africa,Not Assigned,Inactive,ABDUL,,Rs.45000,3207,,,EDO5978,18-08-2025
KOFI,adjei,796400142,Zambia,Not Assigned,On Hold,Not Assigned,USD,1500,0,,,EDO9243,23-12-2024
Ruth,Tadesse,+233742256828,Ghana,SRM Chennai,Deferred,Priya,$,75000,0,,,EDO3438,08-09-2025
kofi,mabaso,+255653238979,Tanzania,,Enrolled,akshay,,"$3,000",3000,,,EDO2370,31-08-2024
Grace,,+27563899277,South Africa,Bennett University,In Progress,Mayank,,INR 45000,2504,,,EDO4772,21-06-2026
HALIMA,Fall,+237 941 945 442,Cameroon,UPES,Active,Unknown,,1500 USD,74,,,EDO6570,20-02-2024
fatima,Annan,,Zimbabwe,Manipal University,In Progress,MAYANK,,USD 2000,575,,,EDO5911,18-09-2026
yemi,Mensah,672028421,Nigeria,,Enrolled,PRIYA,,"$2,500",540,,,EDO2312,06-12-2026
Amara,Mutua,+233527152663,Ghana,manipal university,Active,Unknown,,USD 2500,2500,,,EDO1208,31-07-2024
RUTH,wanjiru,27791257,Cameroon,SRM UNIVERSITY,Inactive,MAYANK,USD,1500,281,,,EDO2813,12-Mar-2024
ZARA,OKAFOR,+251200529357,Ethiopia,VIT University,Pending,Akshay,INR,75000,75000,,,EDO4166,17-10-2025
hope,CELE,,Malawi,bennett university,Deferred,Abdul,,USD 2000,473,,,EDO5694,01-05-2026
Halima,UCHE,+267334382421,Botswana,LPU,Waitlisted,Priya,INR,1500,217,,,EDO7396,31-03-2024
YUSUF,Mwangi,+263799951013,Zimbabwe,AMITY UNIVERSITY,On Hold,Abdul,USD,1500,335,,,EDO1070,29-01-2025
Rutendo,Alemu,+27 514 299 380,South Africa,upes,Waitlisted,Abdul,,1500 USD,262,,,EDO3205,11-01-2025
Hassan,adeyemi,+234069559291,Nigeria,bennett university,Waitlisted,mayank,USD,3000,3000,,,EDO8140,03-07-2024
NIA,phiri,27942146185,South Africa,Chitkara University,Enrolled,Manan,usd,1500,0,,,EDO3750,07-06-2026
KEMI,KAPINGA,+233768645159,Ghana,VIT University,Dropped,Vivek,,2500 USD,107,,,EDO9961,30-03-2026
TUNDE,KARIUKI,+27 912 697 246,South Africa,Sharda University,Active,Not Assigned,,2500 USD,2500,,,EDO5045,16-11-2024
ABRAHAM,mwale,+256940496429,Uganda,UPES,Active,Vivek,,1500 USD,0,,,EDO5626,10-Mar-2026
OMAR,KARIUKI,,Malawi,sharda university,Enrolled,Abdul,USD,2500,2500,,,EDO1980,15-04-2024
Thabo,Adeyemi,+254200960588,Kenya,amity university,Waitlisted,Priya,inr,2500,2500,,,EDO2448,02-04-2025
Esther,Zulu,+234890348924,Nigeria,Manipal University,Enrolled,Manan,,"$2,000",1480,,,EDO4123,10-07-2026
ADE,,+254397168073,Kenya,SRM Chennai,Enrolled,Mayank,,USD 1500,1500,,,EDO3930,25-07-2024
SIPHO,Abebe,+233890194409,Ghana,Bennett University,Pending,Unknown,,USD 750,238,,,EDO9700,23-01-2026
Ibrahim,Dike,+250 661 916 113,Rwanda,VIT UNIVERSITY,In Progress,vivek,,2500 USD,1858,,,EDO4254,31-07-2026
EBUKA,tadesse,+264530465068,Namibia,,Waitlisted,vivek,$,3000,3000,,,EDO2283,24-12-2026
AMINATA,alemu,+265894996637,Malawi,LPU,Active,abdul,,USD 3000,3000,,,EDO2290,17-07-2026
SADE,obi,,Kenya,Amity Noida,In Progress,Not Found,INR,45000,22522,,,EDO8071,24-09-2024
Grace,Kamau,+267806948755,Botswana,SRM University,Pending,akshay,INR,75000,50468,,,EDO9145,29-06-2025
Ade,,27689086098,South Africa,Lovely Professional University,Inactive,priya,USD,1000,144,,,EDO9998,07-10-2025
joy,Boateng,,Kenya,Amity Noida,Dropped,Manan,USD,2500,1872,,,EDO1484,06-01-2025
Kariuki,Kamau,234454048045,Nigeria,Amity University,Dropped,Akshay,,1500 USD,610,,,EDO5656,07-03-2024
Wanjiru,wanjiru,,Malawi,upes,Inactive,Manan,,INR 75000,58680,,,EDO4881,26-03-2025
OLUMIDE,ADEYEMI,619522860,Cameroon,LPU,Enrolled,Unknown,,USD 3000,768,,,EDO1268,17-04-2025
Isaac,Toure,255002786897,Tanzania,Chitkara University,Active,VIVEK,,75000 INR,75000,,,EDO2394,14-04-2024
Kwame,Owino,,Namibia,sharda university,Inactive,Abdul,,INR 60000,11995,,,EDO4856,28-07-2024
MOSES,obi,330463716,Ethiopia,Amity University,In Progress,manan,,USD 3000,710,,,EDO5763,05-10-2026
Njoroge,Camara,+251262783109,Ethiopia,VIT UNIVERSITY,On Hold,manan,,"$2,500",713,,,EDO1575,27-04-2025
grace,,+234 063 417 264,Nigeria,VIT University,In Progress,Manan,INR,45000,16530,,,EDO3035,26-01-2025
LINET,OMONDI,251541109578,Ethiopia,SRM University,Applied,Priya,,USD 2000,2000,,,EDO5839,18-11-2025
binta,mabaso,+267100685726,Botswana,lpu,Inactive,Not Assigned,USD,2000,253,,,EDO4009,25-05-2026
ngozi,sithole,27131478170,South Africa,vit university,Applied,Mayank,$,1000,525,,,EDO4098,15-07-2025
FEMI,Ndlovu,+255 277 136 609,Tanzania,Amity University,Dropped,Akshay,,USD 2000,1401,,,EDO9284,24-03-2024
ngozi,bekele,+260313554271,Zambia,Bennett University,Enrolled,Abdul,USD,3000,1484,,,EDO7136,09-Dec-2025
Victor,,,Malawi,lpu,Dropped,Manan,USD,2500,385,,,EDO4288,25-09-2026
Wanjiru,cele,+251571087315,Ethiopia,SRM University,Enrolled,abdul,,USD 1000,105,,,EDO3728,09-08-2025
mutua,Mutua,125660354,South Africa,AMITY UNIVERSITY,Inactive,vivek,,USD 1000,1000,,,EDO5177,12-04-2026
FAITH,nwachukwu,250095970997,Rwanda,Bennett University,Active,Not Assigned,,INR 45000,1977,,,EDO1781,10-03-2024
solomon,,+234 646 031 052,Nigeria,upes,Pending,mayank,,75000 INR,0,,,EDO2820,10-03-2025
daniel,kariuki,723074816,Cameroon,SRM Chennai,Pending,Manan,USD,750,750,,,EDO6528,04-May-2024
FAITH,,,Zimbabwe,Manipal University,On Hold,PRIYA,USD,2000,0,,,EDO5207,22-04-2026
Chidi,Wanjiru,+250 379 408 433,Rwanda,LPU,In Progress,priya,INR,45000,45000,,,EDO3749,13-06-2026
Olumide,BELLO,571617495,Ghana,VIT UNIVERSITY,Pending,mayank,,USD 1500,1500,,,EDO1907,06-04-2025
SOLOMON,Uche,93412114,Ghana,Sharda University,Pending,Vivek,,2500 USD,2500,,,EDO9441,30-11-2024
PEACE,Alemu,254229152379,Kenya,SHARDA UNIVERSITY,Enrolled,Abdul,,Rs.75000,0,,,EDO9754,24-06-2024
MWANGI,Mabaso,,Ghana,VIT University,Waitlisted,Unknown,,"$2,500",2500,,,EDO3644,05-04-2024
Grace,AMPOFO,855469044,Cameroon,,Pending,priya,,"$1,500",178,,,EDO1276,21-11-2026
Thabo,fall,+264006141787,Namibia,BENNETT UNIVERSITY,Enrolled,mayank,INR,60000,60000,,,EDO1533,04-12-2025
Adaeze,Asante,+264 337 344 324,Namibia,VIT University,Inactive,MANAN,,Rs.75000,12629,,,EDO2466,28-05-2025
Yusuf,Dike,+255740632128,Tanzania,upes,Pending,Manan,,INR 45000,45000,,,EDO7299,19-07-2025
Wanjiru,mthembu,254880607529,Kenya,AMITY NOIDA,On Hold,Abdul,,Rs.45000,36653,,,EDO1914,30-06-2025
yemi,Mumba,988872251,Tanzania,Amity Noida,Enrolled,Priya,USD,2000,1686,,,EDO3494,18-03-2026
Kamau,,+256160004740,Uganda,BENNETT UNIVERSITY,Dropped,Vivek,INR,45000,4835,,,EDO5070,23-07-2024
Peace,fall,+267661730951,Botswana,chitkara university,Deferred,ABDUL,,USD 750,750,,,EDO3551,11-04-2025
Musa,Kapinga,,Tanzania,LPU,On Hold,Abdul,INR,75000,0,,,EDO3743,14-02-2025
Aisha,Camara,+263303870989,Zimbabwe,SRM Chennai,Pending,Mayank,,USD 750,0,,,EDO9496,17-12-2026
ABENA,,256035867626,Uganda,Bennett University,Applied,Not Found,$,3000,169,,,EDO3401,24-12-2026
Aisha,Kapinga,,Nigeria,CHITKARA UNIVERSITY,Enrolled,Vivek,,Rs.60000,0,,,EDO3192,04-09-2025
Ruth,fall,+260068949808,Zambia,AMITY UNIVERSITY,Active,Unknown,,"$2,500",1621,,,EDO2336,26-10-2024
Njoroge,mumba,+237751087693,Cameroon,bennett university,Dropped,Priya,,2500 USD,2500,,,EDO8258,27-05-2024
MOSES,Boateng,+267767881088,Botswana,,In Progress,Mayank,USD,2000,2000,,,EDO2012,20-02-2024
Isaac,Otieno,+27531967259,South Africa,amity university,Waitlisted,Not Assigned,INR,75000,75000,,,EDO5855,14-06-2026
Omondi,Owusu,+267 142 942 991,Botswana,LPU,Enrolled,Abdul,INR,60000,26568,,,EDO6821,14-09-2025
isaac,,,Zambia,AMITY UNIVERSITY,Dropped,vivek,,INR 45000,45000,,,EDO3686,21-07-2026
Halima,kariuki,509788497,Zimbabwe,Bennett University,Active,Mayank,,INR 45000,4653,,,EDO7058,29-11-2024
Zanele,Nkosi,,Tanzania,Lovely Professional University,Active,Unknown,USD,750,533,,,EDO9219,18-09-2026
kemi,MABASO,+234840175592,Nigeria,Manipal University,Dropped,Akshay,,USD 1000,0,,,EDO2322,18-08-2024
lebo,mwangi,237258390921,Cameroon,Bennett University,Dropped,Manan,,Rs.75000,13147,,,EDO2186,14-06-2025
emeka,,264383230862,Namibia,UPES,On Hold,Priya,,1500 USD,416,,,EDO9747,15-02-2026
mutua,nwachukwu,27130240669,South Africa,UPES,Enrolled,Akshay,,USD 1000,0,,,EDO5291,30-09-2025
Samuel,mabaso,,Cameroon,AMITY UNIVERSITY,Pending,Akshay,,USD 1500,1232,,,EDO7133,08-Apr-2026
Tendai,OKEKE,,Tanzania,Lovely Professional University,Applied,Akshay,,2500 USD,2500,,,EDO3741,14-05-2025
Tunde,kariuki,+264 531 019 516,Namibia,amity university,On Hold,Vivek,,INR 45000,8822,,,EDO4769,02-04-2025
ESTHER,omondi,+264943438240,Namibia,SRM UNIVERSITY,Applied,Akshay,USD,2500,0,,,EDO4000,14-11-2025
Ngozi,KEBEDE,+255556564622,Tanzania,Chitkara University,Inactive,MANAN,USD,2500,733,,,EDO5133,08-06-2026
Aminata,,,Cameroon,vit university,Waitlisted,Abdul,,USD 1500,281,,,EDO2329,31-05-2024
Chisom,Zulu,818907082,Malawi,LOVELY PROFESSIONAL UNIVERSITY,Inactive,Priya,INR,1500,0,,,EDO8886,09-02-2026
rutendo,diallo,,Kenya,Not Assigned,Active,priya,,Rs.45000,7697,,,EDO5285,24-10-2024
Zara,Khumalo,+234532869190,Nigeria,Manipal University,Enrolled,PRIYA,INR,45000,22167,,,EDO2086,01-09-2025
Otieno,Mutua,234958999624,Nigeria,Lovely Professional University,Dropped,Manan,,"$1,000",0,,,EDO6037,17-01-2025
ruth,Girma,+267249350213,Botswana,srm chennai,Dropped,Manan,,INR 45000,45000,,,EDO2539,02-11-2025
BLESSING,asante,,South Africa,lpu,Deferred,Mayank,,Rs.60000,0,,,EDO5786,23-11-2024
Peace,barry,+263 665 657 183,Zimbabwe,vit university,Active,Akshay,USD,1000,749,,,EDO1073,28-04-2026
KARIUKI,owino,+260448218128,Zambia,Sharda University,Pending,vivek,$,45000,9066,,,EDO9136,07-Mar-2025
FEMI,OWINO,+237743200138,Cameroon,AMITY NOIDA,Pending,Vivek,USD,2000,141,,,EDO9068,27-11-2025
Tunde,Okafor,630663407,Malawi,Bennett University,In Progress,Vivek,,USD 1000,1000,,,EDO4639,25-04-2024
DANIEL,BALDE,999766023,Namibia,Not Assigned,Inactive,Abdul,USD,3000,273,,,EDO2722,09-08-2025
yemi,Otieno,+265798535061,Malawi,,Pending,Not Found,,750 USD,173,,,EDO2435,30-01-2025
Rutendo,KAPINGA,+250 758 671 122,Rwanda,sharda university,Enrolled,Priya,,USD 1000,61,,,EDO3312,06-10-2026
Omondi,BOATENG,+260 161 616 606,Zambia,SRM CHENNAI,In Progress,Vivek,,$750,319,,,EDO5413,09-May-2024
ESTHER,TOURE,,Malawi,LPU,Inactive,Vivek,,1000 USD,49,,,EDO9775,08-03-2025
mwangi,phiri,,Malawi,SRM CHENNAI,Enrolled,Priya,,INR 60000,60000,,,EDO7314,22-07-2024
Ruth,uche,255484181009,Tanzania,,Waitlisted,priya,Rs,75000,0,,,EDO5224,02-01-2024
Victor,khumalo,,Ethiopia,Sharda University,In Progress,AKSHAY,,USD 1500,333,,,EDO1626,13-08-2026
Binta,Ampofo,27464301998,South Africa,Amity University,Waitlisted,Mayank,,USD 1000,0,,,EDO8119,27-06-2025
NGOZI,BARRY,,Uganda,UPES,Active,Mayank,,USD 2500,2500,,,EDO2145,23-04-2026
DANIEL,Nwosu,,South Africa,Manipal University,In Progress,Manan,USD,1000,1000,,,EDO2826,09-08-2025
Kariuki,OBI,,Ghana,Amity University,Enrolled,Unknown,,2000 USD,372,,,EDO2589,24-09-2024
Kwame,Barry,+251473604032,Ethiopia,Manipal University,Active,ABDUL,USD,2000,2000,,,EDO1337,21-08-2026
wanjiru,Barry,+264666244947,Namibia,Amity Noida,Dropped,manan,INR,60000,60000,,,EDO7335,08-03-2024
AMARA,,153035731,Tanzania,LPU,On Hold,Mayank,USD,3000,3000,,,EDO7111,05-11-2024
Amara,Kebede,462429956,Malawi,SRM CHENNAI,Enrolled,mayank,,1000 USD,286,,,EDO1638,10-11-2026
Ibrahim,MTHEMBU,+233321076854,Ghana,LPU,Pending,Mayank,,Rs.45000,45000,,,EDO2213,22-10-2024
amira,Dlamini,+263 136 144 543,Zimbabwe,amity noida,Enrolled,Akshay,$,3000,0,,,EDO8982,21-05-2026
Sade,owusu,+251067367908,Ethiopia,SRM CHENNAI,In Progress,Vivek,Rs,2000,2000,,,EDO7408,29-12-2024
ruth,Khumalo,,Rwanda,Amity University,Active,Vivek,,USD 2500,1469,,,EDO2869,22-12-2024
Linet,,+267678033525,Botswana,VIT University,Enrolled,Akshay,INR,60000,43222,,,EDO4550,20-10-2026
Emmanuel,OWINO,+255 378 798 620,Tanzania,Lovely Professional University,Applied,Vivek,,45000 INR,45000,,,EDO8127,26-06-2024
moses,Adeyemi,+233999654423,Ghana,Manipal University,Inactive,Abdul,Rs,75000,33801,,,EDO1290,07-12-2026
Ibrahim,Mokoena,788246680,Tanzania,,Pending,ABDUL,,Rs.75000,75000,,,EDO4242,09-04-2025
blessing,Eze,+234374152778,Nigeria,Amity University,Waitlisted,PRIYA,USD,3000,953,,,EDO8570,02-08-2025
Halima,Girma,+256656765099,Uganda,Bennett University,Enrolled,Abdul,,"$1,000",1000,,,EDO4483,02-Feb-2025
OMAR,Mumba,+254 453 194 190,Kenya,AMITY NOIDA,Active,Priya,,1000 USD,384,,,EDO2128,10-07-2025
ABRAHAM,kamau,+263047963886,Zimbabwe,sharda university,Dropped,Abdul,,"$1,000",0,,,EDO8338,16-07-2026
Olumide,KARIUKI,,Ethiopia,UPES,On Hold,priya,,USD 1000,233,,,EDO6164,12-03-2026
Moses,Adeyemi,265438683518,Malawi,Sharda University,Pending,mayank,,2000 USD,0,,,EDO5409,18-12-2025
Solomon,Balde,,Rwanda,,Applied,Vivek,USD,2000,2000,,,EDO5922,12-02-2024
emmanuel,mabaso,+267030879111,Botswana,Sharda University,On Hold,Vivek,USD,1500,415,,,EDO7640,18-02-2024
Halima,ADEYEMI,786665395,Ghana,SRM Chennai,Dropped,Not Found,USD,2500,2500,,,EDO2747,23-05-2026
Wanjiru,MUMBA,+260194155125,Zambia,Lovely Professional University,Active,Not Found,usd,750,484,,,EDO9163,20-02-2024
Fatima,MUMBA,260084663827,Zambia,Bennett University,In Progress,Vivek,,$750,410,,,EDO8534,31-10-2025
Faith,Ndiaye,,Kenya,Chitkara University,Enrolled,Priya,,INR 60000,60000,,,EDO1729,20-05-2026
Musa,Kariuki,,Malawi,SRM University,Deferred,akshay,INR,2000,0,,,EDO3311,18-09-2025
Yusuf,Gyasi,255519831847,Tanzania,Amity Noida,Pending,Mayank,,USD 750,208,,,EDO7797,06-09-2024
Sade,GYASI,94938776,Botswana,SRM University,Applied,Priya,INR,45000,0,,,EDO3469,07-01-2026
Joy,Diop,250164809676,Rwanda,LPU,Enrolled,Abdul,,USD 2500,1013,,,EDO4517,14-04-2024
Thabo,camara,,Cameroon,VIT University,Waitlisted,Priya,,2000 USD,2000,,,EDO7243,22-04-2024
Abena,obi,,Kenya,UPES,Deferred,ABDUL,,750 USD,750,,,EDO5626,17-03-2024
Kofi,Mwale,+251783928197,Ethiopia,UPES,On Hold,ABDUL,,USD 2500,0,,,EDO6189,24-07-2026
MWANGI,Balde,+263199810426,Zimbabwe,bennett university,Pending,Vivek,,"$2,000",2000,,,EDO7375,01-05-2025
Ngozi,otieno,+254478879050,Kenya,UPES,Inactive,AKSHAY,,INR 45000,7889,,,EDO7897,27-08-2026
Blessing,Nwachukwu,+254 360 026 927,Kenya,vit university,Active,Vivek,USD,2500,1402,,,EDO4715,21-09-2025
samuel,Otieno,+27 449 847 057,South Africa,Not Assigned,Active,Mayank,,1500 USD,0,,,EDO8601,17-11-2025
Mwangi,Okeke,51860403,Namibia,Manipal University,Active,AKSHAY,inr,2000,1369,,,EDO9710,20-10-2025
Ngozi,BELLO,+237336950228,Cameroon,UPES,Enrolled,Manan,INR,3000,1820,,,EDO2438,05-Jun-2024
Peace,toure,,Cameroon,Manipal University,On Hold,Vivek,INR,60000,0,,,EDO1375,29-03-2025
LEBO,Dike,254068743133,Kenya,Amity University,Deferred,VIVEK,INR,45000,45000,,,EDO3242,16-02-2024
ibrahim,TESFAYE,,Botswana,,Active,priya,$,60000,60000,,,EDO3832,25-02-2025
Emmanuel,Mumba,237969195366,Cameroon,Amity University,Pending,MANAN,INR,60000,60000,,,EDO9096,01-Sep-2025
Chisom,Owino,251111383,Kenya,lpu,Enrolled,Not Found,USD,750,750,,,EDO1926,04-06-2024
Musa,DIOP,,Uganda,VIT University,On Hold,Akshay,,USD 2500,369,,,EDO6409,07-Jun-2024
Aminata,MUMBA,+264594135065,Namibia,Not Assigned,Pending,mayank,,Rs.75000,0,,,EDO7112,11-02-2026
Adaeze,Appiah,+254393073281,Kenya,LPU,Dropped,MANAN,,"$1,000",1000,,,EDO2418,08-09-2026
GRACE,Fall,146914991,Uganda,Bennett University,Dropped,Akshay,,"$1,000",1000,,,EDO8448,04-Sep-2025
Mwangi,OKEKE,27908354312,South Africa,SRM University,Active,AKSHAY,,USD 1000,1000,,,EDO2715,21-08-2025
Omondi,asante,464364572,Ethiopia,LOVELY PROFESSIONAL UNIVERSITY,Deferred,vivek,,"$1,000",1000,,,EDO1659,08-09-2025
Musa,Ndlovu,220975348,Zimbabwe,Sharda University,Enrolled,Priya,INR,60000,60000,,,EDO3145,26-04-2024
abraham,Owino,255554562354,Tanzania,lovely professional university,Enrolled,Unknown,USD,1000,1000,,,EDO3124,25-10-2025
thabo,Cele,+267 532 848 204,Botswana,Amity University,Deferred,priya,USD,1500,1500,,,EDO4026,13-12-2026
YEMI,eze,,Malawi,LPU,Applied,Akshay,USD,2500,139,,,EDO9349,12-02-2025
KAMAU,DIOP,627649673,Cameroon,amity noida,Active,Abdul,Rs,75000,18453,,,EDO5416,09-Apr-2024
Tunde,Barry,+251 962 429 641,Ethiopia,Amity University,Inactive,Abdul,USD,2500,2500,,,EDO8841,29-05-2026
mutua,kamau,263266275473,Zimbabwe,Manipal University,Active,manan,INR,60000,60000,,,EDO5524,28-10-2026
MUSA,mensah,264559842846,Namibia,Bennett University,Enrolled,Manan,INR,75000,75000,,,EDO8446,05-07-2026
Olumide,Otieno,+256380773709,Uganda,srm chennai,Dropped,Akshay,USD,1000,329,,,EDO3341,02-Oct-2026
GRACE,Adjei,260642174428,Zambia,Amity Noida,Enrolled,Mayank,,750 USD,0,,,EDO2141,21-12-2024
AMINATA,owino,+256624931666,Uganda,AMITY UNIVERSITY,Active,Mayank,,INR 60000,0,,,EDO7843,16-12-2024
Zanele,Kapinga,,Tanzania,AMITY UNIVERSITY,Applied,Vivek,USD,2000,2000,,,EDO1333,07-04-2024
EMEKA,GIRMA,267226511246,Botswana,CHITKARA UNIVERSITY,Pending,Mayank,USD,750,521,,,EDO1352,05-04-2024
Kamau,mwale,,Ghana,LPU,Pending,Vivek,,75000 INR,18736,,,EDO9025,09-04-2025
samuel,OBI,622806280,Uganda,Amity University,Dropped,ABDUL,inr,1500,1500,,,EDO6589,04-May-2024
hope,Mthembu,265904206547,Malawi,BENNETT UNIVERSITY,Active,Akshay,,INR 60000,0,,,EDO1658,29-07-2025
nkechi,Toure,+264871367779,Namibia,bennett university,Dropped,ABDUL,USD,750,95,,,EDO8318,29-09-2025
Yemi,Okeke,267533534417,Botswana,Bennett University,Inactive,Mayank,USD,1500,1500,,,EDO1059,25-10-2026
omar,ABEBE,,Malawi,SRM University,In Progress,Not Assigned,USD,2500,2500,,,EDO9819,30-10-2024
Ebuka,Cele,,Cameroon,Sharda University,Deferred,Akshay,,2000 USD,2000,,,EDO4767,11-Jan-2025
hope,Asante,433156286,Kenya,SRM University,Active,Akshay,,3000 USD,2430,,,EDO1942,08-08-2025
Femi,Mwale,+251514467939,Ethiopia,Amity University,Enrolled,Manan,,Rs.45000,0,,,EDO5998,23-06-2026
KOFI,BALDE,+265 568 983 611,Malawi,Bennett University,Pending,Abdul,USD,2000,0,,,EDO7851,02-03-2024
Faith,Owusu,+256824026574,Uganda,Amity Noida,In Progress,priya,INR,45000,0,,,EDO1012,22-12-2024
Faith,ampofo,+233133070908,Ghana,lovely professional university,Enrolled,Akshay,,INR 75000,12105,,,EDO5242,23-04-2024
NOMSA,,+250 766 218 691,Rwanda,Lovely Professional University,Applied,Unknown,,USD 750,750,,,EDO1592,05-06-2024
thabo,Diallo,+265846107287,Malawi,CHITKARA UNIVERSITY,Applied,Vivek,Rs,75000,0,,,EDO7757,10-07-2025
Kariuki,Zungu,+237076848664,Cameroon,Not Assigned,Deferred,Priya,inr,2000,0,,,EDO9715,26-01-2025
Victor,OKAFOR,,Uganda,SRM CHENNAI,Inactive,Not Found,USD,2000,595,,,EDO8257,23-09-2025
AISHA,BELLO,204147266,South Africa,VIT University,Active,Vivek,USD,3000,0,,,EDO4281,14-12-2026
olumide,kamau,+250168077531,Rwanda,vit university,Enrolled,Vivek,USD,2500,342,,,EDO3037,16-05-2025
AMIRA,,510613414,Uganda,,Enrolled,VIVEK,,INR 75000,50622,,,EDO1534,29-02-2024
Omondi,Balde,+251549149670,Ethiopia,amity university,Inactive,Priya,,Rs.75000,18078,,,EDO2156,29-03-2026
solomon,Mwangi,,Rwanda,Amity Noida,Pending,abdul,USD,2500,357,,,EDO3876,26-02-2024
omar,mumba,+255781692568,Tanzania,manipal university,Pending,Priya,USD,750,750,,,EDO8854,28-04-2026
tunde,TADESSE,+263105746243,Zimbabwe,LPU,Enrolled,MANAN,USD,3000,370,,,EDO6087,29-03-2024
Yusuf,NJOROGE,541922049,South Africa,Amity University,In Progress,MAYANK,,"$1,000",1000,,,EDO6558,10-10-2024
Mwangi,Barry,+255391713596,Tanzania,Sharda University,Waitlisted,Abdul,,INR 75000,43729,,,EDO4732,10-09-2025
Zanele,Ndlovu,+251898483407,Ethiopia,srm university,Enrolled,Priya,,USD 3000,884,,,EDO4797,19-06-2024
OTIENO,kapinga,,Nigeria,Bennett University,Waitlisted,Manan,USD,750,0,,,EDO1190,16-02-2024
Sade,Zungu,255022114868,Tanzania,Not Assigned,On Hold,Priya,,1500 USD,359,,,EDO3115,11-07-2026
Olumide,Mwale,190482436,Namibia,VIT University,Active,vivek,,INR 60000,0,,,EDO1544,19-07-2025
fatima,Annan,450085947,Ethiopia,Amity Noida,Enrolled,manan,INR,75000,75000,,,EDO9736,10-08-2025
joy,mbewe,27703999671,South Africa,SRM Chennai,Dropped,Abdul,USD,1500,107,,,EDO3822,29-08-2025
Lebo,Mvula,336948779,Cameroon,SRM Chennai,Deferred,Abdul,,USD 750,473,,,EDO8692,23-04-2024
Thabo,Nkosi,+265077074572,Malawi,SRM Chennai,On Hold,Akshay,,1500 USD,1500,,,EDO7008,16-01-2026
tunde,bello,+250796196507,Rwanda,SRM CHENNAI,Enrolled,abdul,,USD 1000,154,,,EDO4046,07-06-2026
NIA,wanjiru,260457644364,Zambia,Not Assigned,Dropped,ABDUL,USD,2500,0,,,EDO3349,16-09-2026
Mwangi,camara,+265442927254,Malawi,UPES,Dropped,Akshay,INR,45000,19116,,,EDO3834,19-01-2025
Nia,SITHOLE,264889059987,Namibia,manipal university,Enrolled,Priya,USD,3000,3000,,,EDO5422,27-03-2026
Kwame,Mokoena,+27618764426,South Africa,SHARDA UNIVERSITY,Enrolled,Akshay,,USD 3000,0,,,EDO6369,18-09-2026
ADAEZE,Mensah,+234763364680,Nigeria,SRM Chennai,Dropped,Not Found,,USD 1500,922,,,EDO1005,23-12-2025
OMAR,mwangi,+255 229 285 796,Tanzania,Sharda University,On Hold,Priya,USD,1500,0,,,EDO9232,22-08-2024
ABRAHAM,TESFAYE,,Ethiopia,SRM University,Pending,vivek,,USD 2500,386,,,EDO1443,07-12-2025
Omar,Phiri,256231039101,Uganda,SRM University,Waitlisted,AKSHAY,usd,60000,6978,,,EDO8652,29-05-2025
Halima,kapinga,+254831274065,Kenya,Chitkara University,In Progress,VIVEK,,USD 2000,2000,,,EDO7242,04-07-2025
Moses,BELLO,+263672155564,Zimbabwe,chitkara university,Inactive,Abdul,,USD 3000,163,,,EDO1246,17-05-2025
Victor,OWINO,267858336476,Botswana,SHARDA UNIVERSITY,Enrolled,priya,usd,2000,482,,,EDO9374,01-11-2026
Emeka,mbewe,+260102377037,Zambia,VIT University,Enrolled,Unknown,INR,1500,850,,,EDO1955,08-May-2024
faith,Banda,+251926369711,Ethiopia,Amity University,Enrolled,vivek,USD,3000,614,,,EDO9016,09-05-2025
Kwame,MTHEMBU,88111040,Ethiopia,Bennett University,Enrolled,Vivek,,$750,750,,,EDO9999,07-05-2026
isaac,Abebe,+233 377 967 401,Ghana,Lovely Professional University,Dropped,Vivek,,USD 1000,783,,,EDO8023,13-04-2024
MUSA,gyasi,+263315424300,Zimbabwe,Manipal University,Waitlisted,mayank,,INR 45000,0,,,EDO4794,14-03-2024
Kamau,,256912526458,Uganda,SRM University,Deferred,Priya,,45000 INR,45000,,,EDO2920,11-Dec-2026
JOY,MUTUA,+237833685543,Cameroon,SRM University,On Hold,manan,USD,750,0,,,EDO3333,04-Dec-2025
chisom,abebe,+27142728010,South Africa,Bennett University,Enrolled,MAYANK,,USD 2000,975,,,EDO6796,07-11-2024
Moses,NWOSU,255081417791,Tanzania,chitkara university,Dropped,priya,,USD 3000,70,,,EDO4022,23-02-2024
RUTENDO,uche,,Botswana,CHITKARA UNIVERSITY,Waitlisted,Priya,INR,45000,37216,,,EDO3619,27-12-2025
Solomon,MUMBA,+234017636022,Nigeria,Amity Noida,Active,Vivek,USD,3000,0,,,EDO5538,04-12-2024
FAITH,TOURE,,Tanzania,LPU,Enrolled,priya,USD,3000,867,,,EDO9570,06-09-2024
Kwame,BEKELE,+255 675 036 533,Tanzania,lpu,Enrolled,Vivek,,"$2,000",2000,,,EDO6485,21-07-2024
AMARA,APPIAH,+234 896 845 521,Nigeria,LPU,Enrolled,Unknown,,INR 75000,0,,,EDO6798,09-01-2026
Zanele,Alemu,+260417822242,Zambia,Sharda University,On Hold,Abdul,,USD 1000,653,,,EDO4020,10-Feb-2025
Femi,Appiah,+256064588860,Uganda,Sharda University,Deferred,Manan,USD,2500,928,,,EDO7620,02-Jan-2024
WANJIRU,MTHEMBU,+237697453674,Cameroon,SRM Chennai,On Hold,Priya,,$750,750,,,EDO4278,25-07-2026
njoroge,obi,+250239270262,Rwanda,manipal university,Dropped,vivek,,USD 2000,2000,,,EDO4713,28-10-2025
Amira,MABASO,+237553605474,Cameroon,AMITY UNIVERSITY,Dropped,vivek,USD,2000,0,,,EDO5344,16-05-2026
BINTA,Barry,,Kenya,VIT UNIVERSITY,Active,Priya,USD,1500,0,,,EDO1475,26-06-2026
TENDAI,Diallo,,Cameroon,SRM Chennai,In Progress,Abdul,,INR 75000,0,,,EDO9135,13-11-2026
Amira,Abebe,,Zimbabwe,manipal university,Pending,Manan,Rs,1500,1500,,,EDO8292,28-04-2025
ADAEZE,Gyasi,452125425,Kenya,upes,Pending,manan,,USD 1000,258,,,EDO2911,10-10-2025
ADAEZE,HAILE,78421658,Nigeria,lpu,In Progress,Manan,,Rs.75000,75000,,,EDO5894,01-05-2026
ebuka,Kebede,+254055991504,Kenya,BENNETT UNIVERSITY,On Hold,Mayank,,1000 USD,0,,,EDO6058,08-11-2026
HALIMA,Obi,466334560,Cameroon,lpu,Inactive,AKSHAY,,USD 3000,0,,,EDO8040,13-11-2024
AMIRA,OWUSU,+256270445782,Uganda,Chitkara University,Enrolled,AKSHAY,INR,75000,9615,,,EDO4154,31-05-2025
Hope,PHIRI,,Zambia,amity university,Waitlisted,Abdul,,"$1,000",96,,,EDO5700,16-06-2026
Moses,Mabaso,237585466533,Cameroon,UPES,On Hold,Abdul,USD,1000,532,,,EDO6075,03-Jul-2025
Emmanuel,Owusu,,Zambia,lovely professional university,Pending,VIVEK,,"$2,000",0,,,EDO3140,03-Nov-2026
Halima,,233255735444,Ghana,,Active,MANAN,usd,60000,0,,,EDO1975,07-11-2024
kwame,,+237170139115,Cameroon,LOVELY PROFESSIONAL UNIVERSITY,In Progress,Manan,,USD 1000,0,,,EDO6134,23-08-2026
emeka,njoroge,+237843459042,Cameroon,UPES,Waitlisted,Priya,,Rs.45000,0,,,EDO1021,18-10-2024
Esther,ACHIENG,657771884,Malawi,Lovely Professional University,Enrolled,Priya,USD,2500,2500,,,EDO1331,24-02-2025
nkechi,ampofo,,Rwanda,LOVELY PROFESSIONAL UNIVERSITY,Enrolled,manan,USD,2000,1016,,,EDO6703,18-03-2026
Ebuka,camara,732948983,Malawi,Lovely Professional University,Active,Abdul,,75000 INR,75000,,,EDO7843,23-04-2026
femi,Tesfaye,+267974098267,Botswana,Amity Noida,Applied,VIVEK,,3000 USD,156,,,EDO6143,07-11-2026
MUTUA,Gyasi,+233065446357,Ghana,SRM University,Inactive,VIVEK,,Rs.60000,41255,,,EDO5264,06-09-2024
kwame,MENSAH,+250 342 476 077,Rwanda,Bennett University,Pending,Manan,,Rs.45000,37049,,,EDO3174,02-02-2024
Hope,,,Uganda,Sharda University,Applied,Mayank,,45000 INR,0,,,EDO4572,08-Jan-2024
BINTA,Tadesse,+27292503825,South Africa,bennett university,Enrolled,Not Found,,USD 750,428,,,EDO5144,20-07-2026
Ibrahim,SITHOLE,260307557073,Zambia,SRM Chennai,Applied,Mayank,,1000 USD,0,,,EDO8940,22-08-2025
YUSUF,Ndiaye,+250354601468,Rwanda,BENNETT UNIVERSITY,Applied,akshay,USD,3000,371,,,EDO4473,06-08-2026
ABRAHAM,barry,251008067555,Ethiopia,UPES,Active,Vivek,,USD 750,222,,,EDO1699,15-04-2026
SOLOMON,adjei,+254 564 935 483,Kenya,vit university,Deferred,Abdul,USD,2500,556,,,EDO3804,21-09-2026
Nkechi,ndiaye,+267 852 342 641,Botswana,srm chennai,Deferred,Akshay,,USD 750,0,,,EDO7127,26-04-2026
Ngozi,Appiah,237880735238,Cameroon,sharda university,Active,Abdul,USD,2500,0,,,EDO9755,07-Aug-2024
NIA,bello,27543482151,South Africa,Lovely Professional University,Enrolled,abdul,,USD 750,0,,,EDO8004,01-02-2024
tendai,,254101848774,Kenya,UPES,Enrolled,Vivek,,"$2,500",0,,,EDO6209,14-08-2024
Wanjiru,Balde,+267655887883,Botswana,Amity University,Enrolled,Not Assigned,,"$2,500",0,,,EDO6820,25-10-2025
joy,GYASI,803365299,Zimbabwe,Manipal University,In Progress,priya,,75000 INR,0,,,EDO7138,16-05-2024
VICTOR,DLAMINI,888988997,Kenya,SRM University,Deferred,MANAN,usd,1500,1500,,,EDO1747,11-01-2026
esther,,+251215356007,Ethiopia,UPES,Inactive,Manan,USD,750,151,,,EDO1768,21-10-2025
Ruth,Khumalo,27473504457,South Africa,MANIPAL UNIVERSITY,In Progress,Mayank,INR,60000,14008,,,EDO6807,24-11-2026
rutendo,OKEKE,+237 650 424 829,Cameroon,SRM UNIVERSITY,Enrolled,MAYANK,,75000 INR,19718,,,EDO6622,19-08-2026
SOLOMON,BALDE,+265581441268,Malawi,,Deferred,MANAN,$,1500,1500,,,EDO8684,23-05-2024
Aminata,,+250669052539,Rwanda,LPU,Enrolled,Mayank,,USD 1000,1000,,,EDO4771,22-09-2025
Ade,ASANTE,264531620,South Africa,UPES,Pending,Akshay,USD,1500,0,,,EDO3230,02-01-2025
RUTH,Mvula,+27 469 222 958,South Africa,bennett university,Enrolled,manan,,Rs.75000,48663,,,EDO2577,24-02-2025
wanjiru,Cele,,Ethiopia,Amity Noida,On Hold,Unknown,USD,750,88,,,EDO9471,10-05-2024
halima,Fall,+234194176758,Nigeria,UPES,Pending,Manan,,1000 USD,209,,,EDO4337,25-05-2026
MWANGI,BELLO,181459311,Rwanda,lpu,Inactive,Vivek,USD,60000,39593,,,EDO2349,05-12-2026
Nkechi,kariuki,856372321,Zambia,Amity Noida,Applied,Priya,usd,3000,3000,,,EDO3104,19-03-2026
Thabo,Okafor,+255004892045,Tanzania,Sharda University,Pending,Unknown,USD,750,750,,,EDO4400,15-11-2024
Otieno,Fall,+251099627303,Ethiopia,LOVELY PROFESSIONAL UNIVERSITY,Enrolled,Not Assigned,Rs,45000,45000,,,EDO9596,14-01-2024
ESTHER,Bekele,260646752960,Zambia,Chitkara University,Applied,Not Assigned,,"$2,000",1679,,,EDO4995,13-04-2026
Emeka,okafor,,Zimbabwe,Manipal University,Active,Unknown,,USD 1500,397,,,EDO2374,19-04-2025
Njoroge,Eze,27999274693,South Africa,SRM UNIVERSITY,Applied,Not Found,USD,750,334,,,EDO8550,03-05-2024
Nomsa,BELLO,+250615107197,Rwanda,MANIPAL UNIVERSITY,Enrolled,Manan,,USD 2500,0,,,EDO4471,26-09-2024
mwangi,adjei,+256508613305,Uganda,chitkara university,Enrolled,akshay,,USD 1000,772,,,EDO4545,15-09-2024
Mutua,MUMBA,,South Africa,LOVELY PROFESSIONAL UNIVERSITY,Active,Manan,USD,750,750,,,EDO1607,08-03-2025
tunde,OKEKE,234526250164,Nigeria,lovely professional university,Deferred,priya,INR,60000,3175,,,EDO1184,23-02-2024
Chisom,dlamini,+264893766185,Namibia,Chitkara University,Waitlisted,Priya,,USD 3000,0,,,EDO5241,28-10-2025
KEMI,balde,260002068306,Zambia,srm chennai,Enrolled,ABDUL,,INR 45000,45000,,,EDO1099,19-12-2026
chisom,,559392542,Tanzania,VIT University,Deferred,Not Assigned,,USD 1500,564,,,EDO8668,01-09-2025
Faith,bekele,+251452412239,Ethiopia,Not Assigned,Enrolled,Unknown,INR,3000,0,,,EDO9934,22-11-2024
omar,Kebede,251647677246,Ethiopia,LPU,Inactive,Mayank,USD,2500,163,,,EDO5704,24-05-2026
Ade,Mbewe,,Namibia,Sharda University,Pending,Abdul,,USD 1500,380,,,EDO4414,02-04-2024
JOY,kamau,254576236048,Kenya,SRM Chennai,Enrolled,Manan,,75000 INR,3249,,,EDO5610,26-03-2025
olumide,Sithole,+267 824 744 955,Botswana,srm chennai,Enrolled,Priya,USD,750,0,,,EDO4643,10-02-2026
Kariuki,wanjiru,,Rwanda,AMITY NOIDA,Applied,MANAN,,USD 1500,1135,,,EDO5925,03-05-2024
esther,FALL,27514254028,South Africa,Amity University,Pending,Priya,,USD 3000,0,,,EDO7942,13-06-2025
kemi,Owino,+233729022933,Ghana,SHARDA UNIVERSITY,Inactive,PRIYA,INR,75000,0,,,EDO7213,10-11-2025
MUSA,Adjei,,Ghana,AMITY NOIDA,Enrolled,Manan,,"$3,000",288,,,EDO6879,01-10-2026
Mutua,abebe,932151706,Ethiopia,Amity Noida,Enrolled,Priya,,"$3,000",2475,,,EDO6180,12-11-2024
OTIENO,TOURE,,Kenya,LPU,On Hold,Manan,,"$1,000",25,,,EDO7133,02-01-2026
Abena,Tesfaye,,Tanzania,SRM UNIVERSITY,Enrolled,Priya,,"$3,000",550,,,EDO2293,06-12-2026
daniel,Ndiaye,+255481712577,Tanzania,VIT University,Inactive,Priya,,USD 3000,3000,,,EDO4812,31-08-2024
ngozi,Balde,81506928,Nigeria,,Enrolled,MAYANK,,INR 60000,0,,,EDO2182,15-02-2024
Abraham,Okeke,+260824772105,Zambia,BENNETT UNIVERSITY,Enrolled,Mayank,USD,1500,388,,,EDO7958,29-07-2025
RUTH,,255182445767,Tanzania,Manipal University,Active,Unknown,,USD 750,68,,,EDO8024,22-04-2026
NJOROGE,Boateng,706613669,Nigeria,Amity University,Pending,Abdul,USD,1500,594,,,EDO9454,31-08-2026
Nkechi,Abebe,+250802405628,Rwanda,Chitkara University,Inactive,AKSHAY,USD,2500,1471,,,EDO2417,26-03-2024
OTIENO,BOATENG,928722335,Namibia,upes,Applied,VIVEK,,USD 750,0,,,EDO4983,18-02-2025
Moses,Ampofo,+255122417475,Tanzania,srm university,Enrolled,Vivek,USD,1500,0,,,EDO3102,25-06-2026
hope,annan,557774386,Ghana,AMITY UNIVERSITY,Enrolled,MANAN,USD,45000,45000,,,EDO6199,11-09-2025
Solomon,Mwangi,+256 614 537 165,Uganda,Bennett University,Waitlisted,Abdul,Rs,1500,0,,,EDO3838,25-08-2024
NIA,Toure,,Botswana,Not Assigned,In Progress,Priya,,USD 1000,295,,,EDO5098,29-05-2026
HALIMA,kebede,+264162467309,Namibia,SRM Chennai,On Hold,Manan,INR,45000,0,,,EDO3609,03-08-2026
CHISOM,Diop,264613917854,Namibia,SRM CHENNAI,Inactive,Unknown,,"$1,500",0,,,EDO2860,22-01-2026
FEMI,Zulu,233061415582,Ghana,MANIPAL UNIVERSITY,Active,Vivek,USD,2000,2000,,,EDO2732,12-06-2024
Emeka,Adeyemi,255792821122,Tanzania,Bennett University,Applied,Mayank,,INR 60000,60000,,,EDO4385,27-03-2024
AMIRA,Eze,+267507099632,Botswana,SRM Chennai,Deferred,manan,,USD 2000,0,,,EDO2987,02-07-2026
Sipho,Tesfaye,15077088,Tanzania,sharda university,Pending,Mayank,INR,45000,45000,,,EDO6592,16-11-2025
YUSUF,BEKELE,234630128421,Nigeria,SRM UNIVERSITY,Enrolled,Akshay,,USD 1000,0,,,EDO6982,09-03-2026
Olumide,Zungu,83091117,Malawi,srm chennai,Applied,Akshay,,"$1,000",469,,,EDO3816,06-05-2024
Amara,Otieno,+267075307521,Botswana,LPU,Pending,Vivek,,"$1,000",233,,,EDO4959,05-06-2025
halima,MVULA,+256146591037,Uganda,,Enrolled,mayank,,USD 2000,626,,,EDO3783,29-04-2026
Nia,,+263711909046,Zimbabwe,Chitkara University,Deferred,Unknown,,USD 2000,1594,,,EDO9688,08-04-2026
Kariuki,MBEWE,,Tanzania,Chitkara University,Active,Mayank,USD,750,339,,,EDO4571,22-06-2025
Amara,Mwangi,265581703860,Malawi,Lovely Professional University,Active,Akshay,USD,1500,1166,,,EDO3375,05-07-2024
YEMI,balde,458172406,South Africa,SRM Chennai,In Progress,Mayank,,INR 45000,45000,,,EDO2945,13-12-2025
ESTHER,TOURE,+251 465 611 545,Ethiopia,Amity Noida,On Hold,Priya,,"$1,500",1500,,,EDO7238,01-01-2024
Abraham,,+256 094 596 634,Uganda,UPES,Waitlisted,Akshay,,"$2,500",128,,,EDO9320,18-01-2024
NJOROGE,,130852204,Nigeria,SRM Chennai,Active,Manan,$,2000,198,,,EDO1750,29-04-2024
wanjiru,CAMARA,+267566360111,Botswana,Amity University,Deferred,Unknown,,2000 USD,0,,,EDO7784,28-11-2025
Ngozi,Toure,+256467475141,Uganda,UPES,Active,MANAN,INR,60000,7026,,,EDO1782,03-Apr-2024
Ibrahim,khumalo,,Uganda,UPES,Pending,Abdul,USD,750,0,,,EDO3942,01-Jan-2024
MWANGI,MWALE,+251 924 096 777,Ethiopia,AMITY NOIDA,Waitlisted,vivek,,"$1,000",1000,,,EDO5469,01-01-2025
Fatima,Nwachukwu,234168317227,Nigeria,Bennett University,Enrolled,Vivek,,Rs.45000,4579,,,EDO7148,13-04-2024
KOFI,Haile,477775939,Cameroon,Lovely Professional University,Enrolled,AKSHAY,,1000 USD,0,,,EDO8884,01-Aug-2024
DANIEL,DIOP,+233 971 628 668,Ghana,srm university,Waitlisted,Vivek,,750 USD,82,,,EDO3567,04-12-2024
Otieno,fall,560850177,Zimbabwe,Lovely Professional University,In Progress,Abdul,,USD 1000,18,,,EDO7571,10-06-2026
VICTOR,Mwale,483874957,Malawi,UPES,Active,Mayank,,2000 USD,2000,,,EDO2265,09-12-2024
EMEKA,OKAFOR,+256962977436,Uganda,AMITY NOIDA,Pending,Unknown,$,2500,2500,,,EDO3243,24-03-2025
Faith,Diop,727493361,Ghana,BENNETT UNIVERSITY,Enrolled,Priya,,INR 75000,33070,,,EDO1496,17-06-2026
Ade,mthembu,+27 969 168 329,South Africa,UPES,Dropped,MAYANK,USD,750,148,,,EDO5192,02-03-2025
Grace,kariuki,+237793329646,Cameroon,LPU,Deferred,Manan,USD,3000,3000,,,EDO1698,03-Nov-2025
Kamau,,+251 431 325 868,Ethiopia,Sharda University,Enrolled,Akshay,,USD 750,750,,,EDO1894,21-11-2026
Amira,NKOSI,+234 729 228 310,Nigeria,,Enrolled,Vivek,,USD 2500,2500,,,EDO3289,27-11-2025
ZARA,kebede,+234 950 189 664,Nigeria,lpu,Dropped,Manan,USD,750,0,,,EDO4093,17-09-2024
GRACE,Diallo,856219367,Botswana,LOVELY PROFESSIONAL UNIVERSITY,Inactive,Not Assigned,,1500 USD,1500,,,EDO9244,28-04-2026
Olumide,TADESSE,+234631359520,Nigeria,Sharda University,Enrolled,abdul,USD,1500,1500,,,EDO6880,14-01-2025
kofi,Dike,819301591,Kenya,BENNETT UNIVERSITY,Deferred,Not Assigned,USD,1000,0,,,EDO5323,22-10-2024
hassan,MUTUA,260781799709,Zambia,chitkara university,Active,Vivek,USD,3000,538,,,EDO7105,26-05-2024
Abena,toure,+260919824891,Zambia,UPES,Enrolled,Not Found,,3000 USD,3000,,,EDO6873,13-06-2024
IBRAHIM,Mabaso,+27767607032,South Africa,Bennett University,Active,mayank,,USD 2500,2500,,,EDO2238,23-03-2024
NKECHI,NJOROGE,265446926378,Malawi,SRM CHENNAI,In Progress,Priya,,USD 1000,585,,,EDO5052,18-05-2024
Yemi,Kapinga,+27601573549,South Africa,sharda university,Waitlisted,Mayank,,"$1,000",0,,,EDO8802,05-01-2024
otieno,ALEMU,+264795847005,Namibia,UPES,Enrolled,akshay,USD,1000,1000,,,EDO6273,30-10-2024
Chidi,njoroge,+255 244 073 882,Tanzania,Amity University,In Progress,Abdul,,$750,141,,,EDO9579,22-12-2025
FEMI,camara,+260024123358,Zambia,Bennett University,Pending,Abdul,,1000 USD,0,,,EDO5220,26-08-2024
AMARA,Ndlovu,251868440912,Ethiopia,SRM UNIVERSITY,On Hold,Unknown,INR,45000,0,,,EDO2798,22-07-2025
Halima,KAMAU,237196234024,Cameroon,LPU,Enrolled,ABDUL,,USD 2500,297,,,EDO5197,12-Feb-2026
Ade,NKOSI,+255 790 357 889,Tanzania,SHARDA UNIVERSITY,Pending,Vivek,USD,2000,2000,,,EDO1311,17-08-2025
Grace,Mumba,785541379,South Africa,Manipal University,Enrolled,Manan,USD,1500,1169,,,EDO4285,20-07-2025
amira,Mumba,+256406820703,Uganda,SRM Chennai,On Hold,Not Found,,"$2,500",0,,,EDO5753,18-09-2024
Amira,tesfaye,,Botswana,srm university,In Progress,vivek,,"$2,500",2500,,,EDO8193,08-09-2025
EMEKA,nkosi,+237 123 418 052,Cameroon,LOVELY PROFESSIONAL UNIVERSITY,Enrolled,Priya,INR,2500,0,,,EDO6794,15-10-2025
ruth,Okafor,264771689115,Namibia,LPU,Inactive,VIVEK,INR,45000,0,,,EDO4032,20-08-2024
Solomon,Mumba,+256172985439,Uganda,amity university,Pending,PRIYA,INR,60000,60000,,,EDO8055,01-Jun-2026
Njoroge,,+263980424537,Zimbabwe,LPU,Deferred,Abdul,INR,60000,60000,,,EDO3910,10-08-2025
LEBO,NKOSI,645978843,Rwanda,Sharda University,Inactive,Manan,,USD 1000,473,,,EDO4540,08-06-2024
omar,GIRMA,288230551,Malawi,UPES,Deferred,MANAN,USD,75000,11832,,,EDO8171,01-04-2026
kwame,mumba,,Zimbabwe,LOVELY PROFESSIONAL UNIVERSITY,Active,Priya,usd,60000,60000,,,EDO2477,27-06-2025
aminata,Toure,+237486802225,Cameroon,VIT UNIVERSITY,Enrolled,MANAN,INR,45000,45000,,,EDO5115,24-07-2024
kwame,Nwosu,318915935,South Africa,Amity University,Inactive,Unknown,Rs,60000,5623,,,EDO8850,14-01-2026
HASSAN,Boateng,260315048,Namibia,,Pending,abdul,,INR 45000,8693,,,EDO1001,17-04-2026
IBRAHIM,ANNAN,234844056893,Nigeria,LPU,On Hold,Abdul,USD,750,178,,,EDO1925,09-12-2024
Kamau,Diop,677047905,Kenya,Amity Noida,Deferred,akshay,,Rs.45000,0,,,EDO8893,25-11-2024
Binta,boateng,+27787423579,South Africa,VIT University,Pending,Priya,,INR 60000,46711,,,EDO5477,12-03-2025
Solomon,mutua,,Cameroon,Sharda University,Applied,PRIYA,INR,45000,45000,,,EDO3762,12-Feb-2025
DANIEL,OMONDI,263519264786,Zimbabwe,sharda university,Applied,Akshay,,Rs.60000,20700,,,EDO3718,20-10-2026
Fatima,,+255 914 376 270,Tanzania,chitkara university,Enrolled,manan,$,750,352,,,EDO2998,07-05-2026
Peace,BANDA,+237932056755,Cameroon,Amity University,Dropped,Akshay,,Rs.75000,5345,,,EDO9193,24-09-2024
EBUKA,Tesfaye,+237903541273,Cameroon,SRM Chennai,Active,Akshay,inr,1000,256,,,EDO4989,15-10-2025
Aisha,Bello,163197358,Rwanda,Chitkara University,Enrolled,Manan,Rs,3000,1408,,,EDO5099,19-04-2026
KWAME,Sithole,376803577,Malawi,Amity University,On Hold,MAYANK,USD,2500,0,,,EDO8779,02-05-2026
fatima,OKAFOR,263658538606,Zimbabwe,amity noida,Pending,Not Assigned,,INR 60000,7869,,,EDO9314,03-04-2025
Omar,Okafor,+27 749 296 075,South Africa,LPU,Enrolled,AKSHAY,$,60000,0,,,EDO5940,23-06-2026
Kofi,HAILE,861915714,Rwanda,SRM UNIVERSITY,Active,Abdul,USD,750,588,,,EDO4245,22-08-2025
NGOZI,nwosu,263698054170,Zimbabwe,LOVELY PROFESSIONAL UNIVERSITY,Pending,mayank,$,750,750,,,EDO8689,14-11-2026
Mwangi,Quartey,+250583829693,Rwanda,Not Assigned,Active,priya,,USD 750,0,,,EDO9398,25-07-2026
blessing,ZUNGU,,Botswana,AMITY NOIDA,Inactive,Unknown,,USD 3000,716,,,EDO2646,21-08-2026
Kofi,Ndiaye,+237256457341,Cameroon,AMITY UNIVERSITY,Enrolled,Akshay,,2500 USD,672,,,EDO4581,01-Feb-2024
Kamau,Gyasi,+234033619319,Nigeria,SRM University,In Progress,Priya,,USD 750,134,,,EDO3125,19-02-2025
Wanjiru,Owino,687375102,Rwanda,Lovely Professional University,Dropped,Priya,,1000 USD,132,,,EDO7358,12-05-2026
olumide,Annan,+234672832123,Nigeria,amity university,On Hold,PRIYA,USD,2000,2000,,,EDO6694,26-11-2025
Amira,Cele,+254315140862,Kenya,Amity University,Deferred,vivek,,USD 750,291,,,EDO6533,27-02-2026
Yemi,Appiah,+251 822 040 982,Ethiopia,srm chennai,Inactive,Akshay,USD,1000,0,,,EDO7485,25-11-2026
Fatima,OTIENO,,Botswana,MANIPAL UNIVERSITY,Pending,Mayank,$,1000,26,,,EDO5836,08-08-2024
emeka,Alemu,256939026843,Uganda,chitkara university,Waitlisted,Not Found,Rs,1500,1500,,,EDO2851,24-05-2024
YUSUF,DLAMINI,,South Africa,SRM University,Enrolled,Not Found,USD,2500,2500,,,EDO6681,13-03-2024
zara,BEKELE,+267906967946,Botswana,sharda university,Pending,mayank,INR,75000,1664,,,EDO3069,22-08-2026
Ibrahim,mbewe,+267218647345,Botswana,BENNETT UNIVERSITY,Inactive,Vivek,USD,750,0,,,EDO9936,10-08-2026
samuel,Ampofo,+256878524931,Uganda,Manipal University,Enrolled,Abdul,,INR 45000,7850,,,EDO6628,14-03-2025
Grace,Mthembu,+255 770 376 681,Tanzania,SRM University,Deferred,Priya,,"$1,000",1000,,,EDO3460,22-03-2025
Fatima,Dlamini,+260410232834,Zambia,Amity Noida,On Hold,Abdul,,45000 INR,45000,,,EDO9624,22-02-2025
OTIENO,MOKOENA,,Zimbabwe,,Applied,Priya,USD,750,290,,,EDO6774,08-06-2026
Tendai,ASANTE,+233 452 979 436,Ghana,VIT UNIVERSITY,Inactive,Unknown,,USD 2500,1447,,,EDO4363,04-11-2026
Zanele,adjei,+255002829432,Tanzania,Manipal University,Dropped,Vivek,inr,1500,1500,,,EDO4304,03-09-2026
Solomon,kamau,+267210000109,Botswana,lpu,Dropped,Akshay,,60000 INR,6878,,,EDO5050,23-09-2024
Ruth,Mokoena,264287985107,Namibia,Sharda University,Enrolled,Manan,,USD 750,750,,,EDO4618,17-08-2026
Kamau,Okeke,250655115315,Rwanda,srm chennai,Enrolled,Manan,,USD 2000,393,,,EDO9732,09-05-2026
esther,Fall,250009707709,Rwanda,amity noida,Inactive,Vivek,,Rs.75000,15624,,,EDO7369,10-09-2024
WANJIRU,FALL,264428765159,Namibia,VIT University,Enrolled,MAYANK,,USD 1500,1231,,,EDO1182,28-05-2024
Mutua,Adeyemi,233619446068,Ghana,upes,Pending,Abdul,,USD 2500,1438,,,EDO8865,09-07-2024
Olumide,adeyemi,+267 586 295 524,Botswana,Amity Noida,Pending,Manan,USD,750,42,,,EDO3025,06-10-2025
TUNDE,Owino,647539558,Zambia,Chitkara University,Pending,MANAN,,INR 75000,18165,,,EDO1462,21-11-2025
NOMSA,,+233969332211,Ghana,AMITY UNIVERSITY,Enrolled,Priya,USD,1500,1500,,,EDO6034,17-08-2025
IBRAHIM,AMPOFO,+256793187906,Uganda,SRM University,Enrolled,vivek,,Rs.75000,21145,,,EDO6241,13-11-2025
olumide,barry,233507782821,Ghana,srm university,Applied,Mayank,INR,75000,12601,,,EDO9914,07-08-2024
ade,asante,263459325331,Zimbabwe,VIT University,Applied,Unknown,,"$2,500",205,,,EDO5849,15-06-2025
zara,Mwangi,256579875829,Uganda,UPES,Active,Mayank,,Rs.45000,35157,,,EDO8142,09-May-2025
Wanjiru,KHUMALO,+27927692285,South Africa,Sharda University,Pending,PRIYA,,INR 60000,6660,,,EDO5713,21-10-2026
mwangi,Otieno,+267354697648,Botswana,Lovely Professional University,Waitlisted,mayank,$,2000,1691,,,EDO3727,02-09-2025
Sipho,Diallo,849104859,Uganda,Bennett University,Dropped,MANAN,,USD 2500,672,,,EDO8761,28-05-2025
fatima,nwosu,233432295662,Ghana,Amity University,Deferred,Mayank,INR,60000,20971,,,EDO5069,18-02-2024
aminata,mensah,543602262,Nigeria,BENNETT UNIVERSITY,Waitlisted,Mayank,,INR 60000,32295,,,EDO6476,08-10-2024
Kofi,mwangi,+264 743 371 094,Namibia,upes,Pending,Vivek,,USD 2000,520,,,EDO4238,24-10-2024
HOPE,Achieng,,Namibia,Amity University,Inactive,Abdul,USD,2000,597,,,EDO5941,13-05-2024
blessing,Bello,,Tanzania,LPU,Enrolled,Manan,USD,3000,0,,,EDO6218,16-09-2026
Ibrahim,Ampofo,+256530497608,Uganda,upes,Active,Mayank,USD,2500,1593,,,EDO4961,14-08-2024
joy,Quartey,+250151520992,Rwanda,SRM Chennai,In Progress,Vivek,,Rs.45000,25303,,,EDO3643,08-01-2025
ibrahim,kebede,,Uganda,Chitkara University,In Progress,priya,usd,45000,0,,,EDO6972,16-01-2025
Kwame,Camara,+234 406 514 024,Nigeria,LPU,Active,VIVEK,INR,75000,11682,,,EDO8834,09-02-2024
Kariuki,Annan,+256 040 686 628,Uganda,Amity University,In Progress,Vivek,USD,2500,2500,,,EDO7915,15-07-2025
Hassan,Abebe,255904349426,Tanzania,Amity Noida,Deferred,Not Found,USD,3000,256,,,EDO9497,05-06-2026
Njoroge,khumalo,+27 556 187 153,South Africa,MANIPAL UNIVERSITY,Enrolled,Manan,USD,2000,2000,,,EDO7078,03-07-2024
Lebo,Barry,+234934593402,Nigeria,srm chennai,Active,mayank,inr,1500,1176,,,EDO3611,10-06-2024
Abena,abebe,+254218455011,Kenya,sharda university,Enrolled,Vivek,INR,45000,12794,,,EDO7217,30-07-2024
Isaac,MWALE,,Nigeria,amity noida,Active,Unknown,INR,3000,3000,,,EDO4317,11-09-2024
fatima,MBEWE,234768473798,Nigeria,VIT UNIVERSITY,Pending,PRIYA,$,1500,104,,,EDO3141,21-09-2024
tendai,KARIUKI,+263082940213,Zimbabwe,CHITKARA UNIVERSITY,Active,Priya,INR,45000,0,,,EDO2022,20-12-2026
Hassan,annan,+27 084 972 658,South Africa,Lovely Professional University,Enrolled,abdul,inr,750,0,,,EDO4289,31-07-2024
LEBO,Quartey,+234827197687,Nigeria,SRM UNIVERSITY,On Hold,Abdul,USD,2500,120,,,EDO3231,17-07-2025
adaeze,TOURE,+260128303874,Zambia,Amity Noida,Applied,Manan,Rs,60000,1046,,,EDO2158,20-09-2024
OTIENO,banda,+254 274 360 171,Kenya,Sharda University,Waitlisted,Manan,,60000 INR,36066,,,EDO6667,18-12-2024
binta,abebe,264714888581,Namibia,Sharda University,Active,Priya,INR,45000,45000,,,EDO2867,27-05-2024
aminata,Girma,+260114442927,Zambia,,Enrolled,VIVEK,,1500 USD,1500,,,EDO4563,16-09-2024
amara,GIRMA,+264 180 740 368,Namibia,lovely professional university,Enrolled,VIVEK,,USD 1000,1000,,,EDO4112,02-08-2026
THABO,UCHE,,Tanzania,Sharda University,Active,Manan,,Rs.45000,0,,,EDO5114,31-12-2025
njoroge,toure,,Malawi,LOVELY PROFESSIONAL UNIVERSITY,Enrolled,Vivek,,INR 60000,16364,,,EDO9194,31-01-2025
Omondi,Fall,265887596138,Malawi,UPES,Pending,Priya,,"$2,000",2000,,,EDO6532,26-09-2025
EMMANUEL,achieng,+260374992275,Zambia,SRM Chennai,Enrolled,Vivek,,USD 3000,322,,,EDO5801,15-05-2026
moses,MOKOENA,576008647,Zambia,SRM University,Active,akshay,,USD 3000,3000,,,EDO7618,25-01-2025
otieno,,,Malawi,Amity University,Enrolled,Akshay,INR,75000,4087,,,EDO9824,22-12-2025
yusuf,Mabaso,+265301600575,Malawi,upes,Enrolled,Priya,,USD 2000,29,,,EDO7546,01-01-2024
Solomon,adjei,+234698444808,Nigeria,vit university,Inactive,Abdul,,2500 USD,304,,,EDO7899,11-04-2025
Yemi,Owusu,,South Africa,SRM University,Enrolled,Abdul,,USD 750,750,,,EDO5969,09-04-2026
THABO,EZE,+255221210350,Tanzania,LPU,In Progress,manan,INR,75000,75000,,,EDO7781,30-12-2026
Sipho,SITHOLE,,Ethiopia,lpu,Dropped,MANAN,,Rs.75000,11796,,,EDO7939,23-06-2025
faith,Boateng,+255503234404,Tanzania,manipal university,Pending,abdul,USD,1000,1000,,,EDO1381,23-11-2026
ADAEZE,,+256 342 316 114,Uganda,Not Assigned,Deferred,Abdul,,"$2,000",415,,,EDO9980,04-Nov-2025
nomsa,mwangi,+256 561 824 250,Uganda,Sharda University,Applied,mayank,USD,1000,1000,,,EDO5699,02-Nov-2026
Mwangi,Asante,237727043585,Cameroon,Not Assigned,Enrolled,Akshay,usd,75000,63742,,,EDO5109,11-Oct-2024
Mutua,FALL,+256 581 582 077,Uganda,SRM Chennai,Waitlisted,Akshay,,3000 USD,0,,,EDO9212,10-Nov-2025
YUSUF,Mwale,267889302539,Botswana,UPES,On Hold,vivek,,USD 750,105,,,EDO6356,02-12-2024
Joy,Mensah,106246972,Botswana,amity university,On Hold,Akshay,,USD 750,158,,,EDO7627,24-10-2026
Chisom,ampofo,362020558,Ethiopia,LOVELY PROFESSIONAL UNIVERSITY,Active,PRIYA,,Rs.45000,0,,,EDO6358,02-04-2024
Chisom,Mthembu,387838023,Kenya,Amity Noida,Waitlisted,Priya,,INR 45000,0,,,EDO5023,07-09-2024
Abena,Bello,,Malawi,Not Assigned,In Progress,Not Found,USD,2000,2000,,,EDO1673,29-04-2025
Omondi,Sithole,+233825161234,Ghana,UPES,Pending,Priya,INR,75000,11513,,,EDO6257,23-02-2026
Amara,MENSAH,233585554962,Ghana,srm chennai,On Hold,Manan,USD,2000,1579,,,EDO3713,14-04-2024
DANIEL,Barry,+265485250508,Malawi,Amity Noida,In Progress,MANAN,,1500 USD,1500,,,EDO1205,17-04-2025
Hope,Owusu,+260022397478,Zambia,Bennett University,Applied,Priya,,USD 2500,862,,,EDO4338,03-May-2026
Moses,MENSAH,265492543686,Malawi,Sharda University,Enrolled,Manan,USD,2500,194,,,EDO2994,08-05-2026
Yusuf,Phiri,167258838,Botswana,SRM CHENNAI,Deferred,Vivek,,Rs.45000,5657,,,EDO7208,27-07-2024
Amara,mumba,255991509958,Tanzania,LPU,On Hold,Not Assigned,,$750,624,,,EDO5296,06-05-2026
DANIEL,Sithole,+265692972403,Malawi,Amity University,Pending,Mayank,,75000 INR,33415,,,EDO9098,17-03-2025
Tendai,PHIRI,260046383755,Zambia,LPU,Active,VIVEK,INR,60000,50085,,,EDO9764,27-03-2024
DANIEL,Adeyemi,,Malawi,srm chennai,Active,Vivek,,1000 USD,0,,,EDO6227,02-01-2025
thabo,FALL,454118881,Cameroon,amity university,In Progress,MAYANK,USD,1000,1000,,,EDO7177,26-08-2025
Abena,Adeyemi,265252225509,Malawi,AMITY NOIDA,Enrolled,ABDUL,,USD 1500,0,,,EDO1818,12-12-2026
LINET,Adjei,+27622382265,South Africa,LPU,Pending,PRIYA,USD,750,750,,,EDO5275,05-04-2026
Isaac,Bekele,930109654,Malawi,,Active,manan,INR,60000,15969,,,EDO8527,13-03-2025
RUTH,Girma,311433941,Rwanda,Chitkara University,Enrolled,Vivek,USD,2000,512,,,EDO2409,06-05-2026
GRACE,Barry,618937333,Ethiopia,amity noida,Waitlisted,VIVEK,,750 USD,454,,,EDO4186,10-04-2024
KOFI,Gyasi,,Zimbabwe,Chitkara University,Enrolled,manan,$,75000,0,,,EDO6555,22-07-2024
Amira,Ampofo,,Cameroon,Lovely Professional University,Active,mayank,USD,1000,129,,,EDO6388,22-02-2024
Zanele,wanjiru,Not Found,South Africa,AMITY UNIVERSITY,Pending,priya,USD,1500,0,,,EDO5375,14-01-2026
Yemi,haile,+256084450332,Uganda,VIT UNIVERSITY,In Progress,manan,inr,60000,27543,,,EDO2518,04-May-2024
femi,Alemu,+255013071082,Tanzania,Lovely Professional University,Applied,priya,USD,750,44,,,EDO3905,12-01-2026
MUSA,Eze,+255987945967,Tanzania,Bennett University,Pending,MANAN,,INR 60000,14627,,,EDO4497,24-12-2026
fatima,GIRMA,264686951703,Namibia,VIT University,Active,priya,,USD 1000,236,,,EDO4703,24-08-2025
Mwangi,Bello,+260380882729,Zambia,LOVELY PROFESSIONAL UNIVERSITY,Active,Not Found,,USD 3000,3000,,,EDO5788,14-01-2025
Moses,Adeyemi,265586984862,Malawi,UPES,Deferred,Mayank,USD,2500,1344,,,EDO7526,07-09-2025
Fatima,adeyemi,56921131,Nigeria,BENNETT UNIVERSITY,Waitlisted,Akshay,USD,750,118,,,EDO9712,24-03-2025
KARIUKI,Okeke,481731249,Malawi,SRM Chennai,Enrolled,,INR,45000,36679,,,EDO1252,30-11-2024
Olumide,mthembu,+267504524271,Botswana,Bennett University,Enrolled,Akshay,USD,1000,0,,,EDO3812,14-05-2024
Abena,ABEBE,Not Found,Rwanda,manipal university,Active,abdul,,USD 1000,1000,,,EDO5640,11-01-2024
chidi,appiah,254735491567,Kenya,Manipal University,In Progress,Unknown,usd,750,750,,,EDO3209,04-07-2025
Ebuka,Diallo,+265589688929,Malawi,UPES,Inactive,Unknown,,$750,421,,,EDO3384,21-03-2025
NJOROGE,Okafor,+250 163 990 149,Rwanda,amity university,Pending,Mayank,USD,2000,448,,,EDO6946,19-10-2024
Omondi,OTIENO,N/A,Malawi,vit university,Waitlisted,Mayank,,$750,0,,,EDO6895,29-10-2025
ngozi,DIKE,Not Found,Zambia,amity noida,Dropped,priya,,USD 1500,0,,,EDO4338,06-Jan-2026
Sade,KAPINGA,+265 922 328 866,Malawi,SRM University,Dropped,Manan,INR,60000,8235,,,EDO7217,25-05-2026
Zara,nkosi,265997662244,Malawi,UPES,Active,akshay,INR,45000,0,,,EDO5400,08-04-2024
aisha,Tembo,+263 336 522 137,Zimbabwe,chitkara university,On Hold,Manan,,USD 3000,3000,,,EDO6326,05-05-2025
Kariuki,Balde,+256217272751,Uganda,,Pending,Akshay,INR,75000,75000,,,EDO3865,22-08-2026
Musa,Mutua,62220022,Nigeria,,Inactive,Unknown,,750 USD,162,,,EDO5242,11-05-2026
sipho,AMPOFO,+234729236093,Nigeria,Amity Noida,Deferred,Abdul,,INR 75000,7158,,,EDO5097,05-07-2025
Hassan,CAMARA,+233 193 069 487,Ghana,SRM Chennai,Active,Manan,INR,75000,13058,,,EDO6572,12-05-2026
chidi,ampofo,+251 185 875 359,Ethiopia,Sharda University,Applied,Priya,Rs,1500,878,,,EDO8506,12-12-2024
TUNDE,KHUMALO,N/A,Ethiopia,UPES,Pending,Akshay,USD,2500,0,,,EDO5338,22-09-2024
IBRAHIM,,+255952667086,Tanzania,upes,Applied,MANAN,INR,1000,0,,,EDO5548,08-11-2026
Emeka,ASANTE,699174357,Cameroon,amity noida,Dropped,MANAN,INR,45000,32334,,,EDO3684,29-01-2025
Chidi,Gyasi,+251905643369,Ethiopia,UPES,Dropped,MAYANK,Rs,1500,0,,,EDO7478,09-09-2026
Omondi,Diallo,N/A,Tanzania,SRM University,Dropped,vivek,,Rs.75000,0,,,EDO4210,10-03-2025
HASSAN,abebe,N/A,Ethiopia,Amity Noida,In Progress,PRIYA,USD,750,193,,,EDO8273,17-04-2024
Yusuf,Bello,+265 763 717 512,Malawi,SRM CHENNAI,Enrolled,mayank,,"$2,000",2000,,,EDO4788,29-02-2024
Ngozi,Ampofo,+260773053424,Zambia,vit university,In Progress,Manan,,INR 75000,75000,,,EDO7049,28-05-2025
FAITH,TADESSE,+256895139880,Uganda,sharda university,Enrolled,MANAN,,USD 750,750,,,EDO6382,25-04-2026
Ade,Nwosu,+254494934251,Kenya,srm chennai,Inactive,AKSHAY,,INR 60000,9766,,,EDO3634,14-05-2024
NKECHI,Alemu,Not Found,Nigeria,SHARDA UNIVERSITY,In Progress,MANAN,,"$3,000",0,,,EDO2324,03-10-2025
Binta,DLAMINI,139136137,Tanzania,AMITY UNIVERSITY,Enrolled,Akshay,,$750,750,,,EDO7282,24-03-2024
joy,abebe,+250993553989,Rwanda,SHARDA UNIVERSITY,Inactive,akshay,,45000 INR,45000,,,EDO5145,19-06-2024
Esther,ndlovu,+251825716513,Ethiopia,Sharda University,On Hold,abdul,,USD 2000,0,,,EDO3903,17-09-2024
hassan,Girma,772016130,Malawi,LOVELY PROFESSIONAL UNIVERSITY,On Hold,Manan,USD,1000,1000,,,EDO5731,30-03-2024
MOSES,Mumba,567638679,Zimbabwe,Lovely Professional University,Enrolled,Mayank,usd,2000,522,,,EDO6023,16-03-2024
hassan,,N/A,Rwanda,SRM Chennai,Applied,Manan,USD,750,0,,,EDO7497,11-12-2026
Tunde,Annan,N/A,Cameroon,SHARDA UNIVERSITY,Pending,Mayank,usd,75000,0,,,EDO3020,13-12-2025
abraham,ndiaye,Not Found,Namibia,Bennett University,In Progress,MANAN,USD,2000,1263,,,EDO3141,11-04-2024
Blessing,annan,+251 753 060 182,Ethiopia,amity noida,On Hold,Akshay,$,1500,295,,,EDO3070,01-03-2025
Emmanuel,Mensah,574247612,Uganda,Sharda University,Applied,Not Assigned,,USD 3000,405,,,EDO6183,21-07-2026
musa,Adeyemi,Not Found,Malawi,manipal university,Enrolled,VIVEK,USD,3000,3000,,,EDO7688,16-02-2024
MUSA,tadesse,Not Found,South Africa,SRM CHENNAI,Active,VIVEK,,3000 USD,0,,,EDO9247,27-08-2024
YEMI,NWACHUKWU,+263911678178,Zimbabwe,Sharda University,Pending,manan,USD,2000,329,,,EDO4607,30-06-2024
kofi,Zungu,27677717815,South Africa,LOVELY PROFESSIONAL UNIVERSITY,Inactive,Manan,Rs,75000,16251,,,EDO4106,20-12-2025
faith,boateng,+251958870219,Ethiopia,UPES,Enrolled,Akshay,$,1000,1000,,,EDO2615,08-12-2024
Isaac,otieno,680561005,Malawi,SRM UNIVERSITY,Deferred,VIVEK,,"$2,000",0,,,EDO9900,12-04-2026
OMAR,ampofo,+256621512744,Uganda,CHITKARA UNIVERSITY,Active,Unknown,USD,1500,669,,,EDO2411,26-07-2025
Omondi,zungu,+263218621934,Zimbabwe,Amity Noida,Enrolled,Akshay,,USD 3000,2152,,,EDO3602,05-08-2024
kamau,Obi,237602947377,Cameroon,UPES,Active,mayank,USD,1500,204,,,EDO9758,12-Aug-2026
sade,mutua,+27 974 482 122,South Africa,SRM University,Deferred,Manan,,INR 75000,0,,,EDO7042,26-03-2026
Emeka,diop,+267899675486,Botswana,Amity Noida,Enrolled,Unknown,USD,1500,541,,,EDO5091,19-06-2024
MUTUA,Asante,+234906932678,Nigeria,vit university,Enrolled,Unknown,,USD 1000,0,,,EDO8587,24-06-2025
emeka,ASANTE,256089179142,Uganda,Amity Noida,Pending,Priya,INR,45000,0,,,EDO5422,23-11-2026
LINET,eze,+233372305401,Ghana,VIT UNIVERSITY,Enrolled,Unknown,,USD 1000,1000,,,EDO1241,29-08-2024
ADAEZE,,+263495820741,Zimbabwe,LPU,Dropped,Manan,,Rs.45000,0,,,EDO9393,11-12-2026
kofi,mwale,+254378840317,Kenya,,Enrolled,Abdul,,Rs.75000,0,,,EDO2426,29-09-2025
Ebuka,mwale,+27032061366,South Africa,LOVELY PROFESSIONAL UNIVERSITY,Inactive,Manan,USD,1500,141,,,EDO9978,22-02-2024
hassan,MWALE,Not Found,Ghana,chitkara university,In Progress,,,USD 1000,239,,,EDO9696,08-02-2025
aminata,Bello,256090387347,Uganda,Not Assigned,Active,Vivek,,"$1,500",676,,,EDO8816,06-Aug-2024
Mwangi,GIRMA,+255950906883,Tanzania,BENNETT UNIVERSITY,Pending,VIVEK,,INR 45000,45000,,,EDO6792,05-06-2025
Tunde,phiri,267453527247,Botswana,BENNETT UNIVERSITY,On Hold,AKSHAY,,Rs.75000,75000,,,EDO6645,25-02-2024
ADAEZE,ampofo,800107470,Zambia,Amity Noida,Active,Mayank,inr,45000,13492,,,EDO4140,24-02-2025
Fatima,Mensah,935281037,Kenya,,Enrolled,Vivek,,INR 75000,75000,,,EDO6815,24-01-2024
FATIMA,ABEBE,54313194,Uganda,Lovely Professional University,Enrolled,mayank,,750 USD,0,,,EDO8316,15-01-2024
Zanele,kapinga,216624867,Zimbabwe,sharda university,Pending,Mayank,,USD 2000,133,,,EDO2054,26-09-2024
Faith,MWALE,+265419976303,Malawi,vit university,Deferred,abdul,,3000 USD,0,,,EDO1124,18-06-2025
Lebo,girma,+237332031942,Cameroon,UPES,Pending,MANAN,,Rs.45000,3935,,,EDO9029,13-03-2024
binta,bekele,+251861255655,Ethiopia,SHARDA UNIVERSITY,Pending,MAYANK,USD,2500,2058,,,EDO3112,16-07-2024
Blessing,nkosi,975068420,South Africa,Not Assigned,Pending,Vivek,,"$2,500",1381,,,EDO4463,16-01-2025
kofi,sithole,+233709522905,Ghana,SRM Chennai,In Progress,AKSHAY,USD,3000,925,,,EDO2411,14-07-2026
Nomsa,KEBEDE,+264935960347,Namibia,Not Assigned,Pending,AKSHAY,,INR 60000,0,,,EDO8432,30-10-2025
Wanjiru,mwale,265506048599,Malawi,chitkara university,Enrolled,Akshay,usd,1500,0,,,EDO3225,30-08-2025
DANIEL,UCHE,+27449259973,South Africa,BENNETT UNIVERSITY,Enrolled,Vivek,USD,1000,458,,,EDO1522,25-08-2026
Aminata,Zulu,265264040619,Malawi,Sharda University,Pending,VIVEK,,1500 USD,396,,,EDO4811,14-09-2025
Abraham,Asante,122647177,Zimbabwe,Amity Noida,Pending,Akshay,INR,45000,2803,,,EDO3078,25-04-2026
joy,Nkosi,+263845344026,Zimbabwe,,Pending,Not Assigned,USD,2000,287,,,EDO7500,04-11-2025
Hope,Gyasi,105185623,Ghana,LOVELY PROFESSIONAL UNIVERSITY,In Progress,VIVEK,Rs,2000,405,,,EDO1481,03-03-2025
ade,annan,Not Found,Tanzania,manipal university,In Progress,Priya,,Rs.75000,21815,,,EDO9121,28-09-2025
Fatima,otieno,N/A,Zimbabwe,AMITY NOIDA,Enrolled,priya,,USD 750,34,,,EDO5434,13-02-2024
Adaeze,Mbewe,508415445,Kenya,AMITY NOIDA,On Hold,Mayank,INR,45000,0,,,EDO5511,13-06-2026
Moses,bello,265089066897,Malawi,vit university,Dropped,MANAN,,"$2,500",2033,,,EDO6662,12-08-2024
CHISOM,Balde,+233255590276,Ghana,manipal university,Dropped,Vivek,,60000 INR,13616,,,EDO7706,29-12-2025
AMIRA,Eze,233269444187,Ghana,LOVELY PROFESSIONAL UNIVERSITY,Inactive,Vivek,usd,60000,48015,,,EDO4363,29-05-2025
Sade,Annan,250122820149,Rwanda,SRM Chennai,Pending,Priya,,"$2,500",760,,,EDO8155,21-07-2026
Omondi,Okeke,+234 684 280 557,Nigeria,Chitkara University,Enrolled,Vivek,,"$1,500",0,,,EDO9712,17-02-2026
Esther,Tesfaye,+250179159008,Rwanda,SRM Chennai,Active,,USD,2000,927,,,EDO5346,31-05-2024
amira,OBI,Not Found,Cameroon,Bennett University,Enrolled,Priya,INR,60000,11757,,,EDO5513,11-Jun-2024
Omondi,Ampofo,Not Found,Uganda,AMITY NOIDA,On Hold,ABDUL,USD,2000,0,,,EDO5158,21-10-2025
HALIMA,Nkosi,+27 969 234 419,South Africa,AMITY UNIVERSITY,Pending,Mayank,,Rs.45000,0,,,EDO1196,05-09-2025
Lebo,Ampofo,N/A,Uganda,Amity Noida,Deferred,VIVEK,USD,2000,0,,,EDO4178,07-Jan-2026
Sade,Toure,256540664408,Uganda,manipal university,Inactive,MANAN,INR,75000,0,,,EDO2248,16-02-2026
Adaeze,Uche,N/A,Zimbabwe,Bennett University,Applied,MANAN,USD,2500,2500,,,EDO6545,25-10-2026
ngozi,GYASI,+251516884912,Ethiopia,manipal university,Enrolled,VIVEK,,750 USD,501,,,EDO1913,01-10-2024
EMEKA,Asante,Not Found,Ghana,manipal university,Enrolled,Unknown,,USD 2000,0,,,EDO7024,08-08-2026
EMEKA,tembo,+255 567 364 065,Tanzania,Lovely Professional University,Pending,Abdul,$,75000,0,,,EDO1336,05-06-2025
kemi,Toure,251402136734,Ethiopia,Manipal University,In Progress,Abdul,USD,750,0,,,EDO6895,24-07-2024
hassan,Owino,+267 156 403 706,Botswana,CHITKARA UNIVERSITY,Pending,Not Assigned,,USD 2000,0,,,EDO6926,24-01-2025
rutendo,KAPINGA,+234 437 487 202,Nigeria,manipal university,Pending,Priya,INR,45000,45000,,,EDO1880,16-07-2026
Adaeze,Tembo,250324595711,Rwanda,srm university,On Hold,Vivek,$,2000,0,,,EDO4549,20-07-2025
Daniel,MUTUA,+254 119 702 416,Kenya,MANIPAL UNIVERSITY,Applied,Akshay,USD,750,442,,,EDO2180,01-12-2024
SAMUEL,uche,+267555524164,Botswana,manipal university,Pending,manan,,"$2,500",0,,,EDO4118,21-12-2026
Nkechi,ANNAN,+233 518 922 928,Ghana,SRM CHENNAI,Pending,Unknown,inr,75000,75000,,,EDO1016,15-02-2025
ABRAHAM,Dike,263151117480,Zimbabwe,Sharda University,Enrolled,Priya,$,1000,1000,,,EDO8039,10-10-2024
AMIRA,ndiaye,+267570225432,Botswana,vit university,Active,Abdul,,"$2,500",428,,,EDO5306,27-04-2025
Wanjiru,MTHEMBU,264329138458,Namibia,Chitkara University,Enrolled,Abdul,USD,2500,0,,,EDO8560,06-09-2026
Daniel,BELLO,256645583101,Uganda,SRM University,Inactive,Abdul,,INR 60000,60000,,,EDO9362,25-10-2024
Blessing,achieng,+265016762045,Malawi,Amity University,Enrolled,Abdul,USD,750,149,,,EDO8068,04-01-2026
HOPE,Mvula,N/A,Rwanda,Amity Noida,Active,Priya,USD,1000,0,,,EDO4220,20-05-2025
PEACE,Dike,+233982980965,Ghana,UPES,Inactive,Akshay,$,60000,60000,,,EDO6249,12-02-2024
Halima,KHUMALO,+256675194403,Uganda,Sharda University,Enrolled,VIVEK,$,2000,0,,,EDO4925,26-12-2024
AMINATA,abebe,N/A,Tanzania,Sharda University,Deferred,Vivek,USD,1500,1500,,,EDO8237,26-08-2024
nkechi,NDLOVU,251871258754,Ethiopia,UPES,Dropped,manan,USD,2500,2500,,,EDO2144,18-01-2026
Lebo,MOKOENA,+237883379879,Cameroon,srm chennai,Applied,abdul,,INR 75000,75000,,,EDO2721,28-04-2026
Aisha,Ampofo,+251045277024,Ethiopia,VIT University,Pending,MAYANK,,USD 1500,962,,,EDO8801,16-03-2024
SOLOMON,Barry,+233571247441,Ghana,lpu,In Progress,Unknown,INR,60000,35347,,,EDO3164,15-09-2025
tendai,WANJIRU,+27231779112,South Africa,BENNETT UNIVERSITY,Deferred,Unknown,,USD 1000,0,,,EDO4958,21-03-2025
ZARA,Banda,877556925,Ethiopia,LOVELY PROFESSIONAL UNIVERSITY,Applied,Manan,INR,60000,15697,,,EDO6711,28-06-2025
Ruth,Ndiaye,27086975715,South Africa,amity university,Enrolled,,USD,2500,817,,,EDO9593,07-09-2024
Sipho,obi,546129887,Uganda,SRM UNIVERSITY,Waitlisted,abdul,,60000 INR,20557,,,EDO3844,13-12-2024
isaac,Tesfaye,N/A,Zambia,vit university,Enrolled,Vivek,$,2000,364,,,EDO4362,01-Oct-2024
sipho,Achieng,N/A,Botswana,Manipal University,Pending,Akshay,,USD 3000,0,,,EDO2998,22-04-2025
OTIENO,kebede,+255 781 735 365,Tanzania,Chitkara University,Deferred,priya,,USD 3000,1925,,,EDO9697,15-05-2026
TENDAI,Gyasi,Not Found,Malawi,VIT University,Pending,Mayank,USD,750,0,,,EDO5625,29-11-2026
Omar,Fall,250251905962,Rwanda,Sharda University,Applied,Manan,inr,45000,0,,,EDO1778,21-07-2024
yemi,okafor,250289403202,Rwanda,amity university,Active,priya,USD,2000,0,,,EDO8652,31-03-2025
Halima,Barry,265482160258,Malawi,VIT University,Enrolled,Vivek,INR,75000,22099,,,EDO6409,10-09-2025
Emeka,Appiah,+267 060 223 259,Botswana,Bennett University,Enrolled,Akshay,,"$2,000",63,,,EDO2055,11-11-2024
Victor,Mwale,835940588,South Africa,SHARDA UNIVERSITY,Enrolled,Mayank,USD,750,133,,,EDO8276,02-12-2024
Daniel,CELE,987086822,Rwanda,UPES,Dropped,Abdul,INR,45000,0,,,EDO1284,05-01-2026
Nkechi,Mthembu,+260872712694,Zambia,SRM CHENNAI,Active,Manan,USD,3000,0,,,EDO4476,26-03-2024
linet,ampofo,+263891216638,Zimbabwe,UPES,Pending,ABDUL,,$750,0,,,EDO1539,05-06-2024
Binta,Mvula,+233894669592,Ghana,Amity University,Enrolled,AKSHAY,,750 USD,0,,,EDO9823,11-06-2026
peace,OTIENO,+256099917247,Uganda,LPU,Dropped,Akshay,INR,60000,6134,,,EDO2154,27-10-2025
HOPE,Asante,27063917848,South Africa,Sharda University,Pending,Abdul,,"$2,000",909,,,EDO3894,15-01-2026
MUTUA,UCHE,+27 006 274 906,South Africa,Sharda University,Active,Priya,,Rs.45000,45000,,,EDO8122,19-01-2025
Tendai,OTIENO,+27823534156,South Africa,lpu,On Hold,PRIYA,usd,45000,2551,,,EDO2141,02-08-2026
CHIDI,Wanjiru,+263398105427,Zimbabwe,LPU,Enrolled,Unknown,USD,45000,24556,,,EDO2607,11-04-2024
Zanele,PHIRI,677945237,Uganda,LPU,Deferred,Manan,,1000 USD,697,,,EDO4112,16-10-2024
femi,MBEWE,671271247,Rwanda,SRM CHENNAI,Applied,Priya,USD,1000,73,,,EDO7373,05-08-2026
Fatima,,Not Found,Nigeria,UPES,Pending,Not Found,USD,1000,551,,,EDO2734,14-11-2026
Ibrahim,nwachukwu,+255015596478,Tanzania,upes,Inactive,Akshay,INR,45000,0,,,EDO7496,04-03-2026
Otieno,Mvula,+234807224601,Nigeria,AMITY UNIVERSITY,In Progress,priya,INR,45000,0,,,EDO3862,16-01-2026
wanjiru,Ndlovu,251808859732,Ethiopia,amity university,Enrolled,Unknown,USD,2500,225,,,EDO3815,04-01-2025
Yemi,ADJEI,+263 338 137 564,Zimbabwe,SRM Chennai,Deferred,Priya,INR,60000,0,,,EDO7821,03-08-2025
solomon,Okeke,N/A,Tanzania,lovely professional university,Inactive,Manan,USD,1000,1000,,,EDO6439,08-04-2025
Ruth,bekele,250359973889,Rwanda,VIT University,Deferred,Akshay,usd,3000,326,,,EDO3145,19-03-2025
NJOROGE,ASANTE,Not Found,Uganda,CHITKARA UNIVERSITY,Pending,Manan,,USD 1000,0,,,EDO3550,13-06-2024
chidi,MUTUA,27669938149,South Africa,Manipal University,Enrolled,akshay,INR,75000,0,,,EDO8686,19-05-2026
rutendo,,255729213150,Tanzania,BENNETT UNIVERSITY,Enrolled,Vivek,,Rs.60000,32307,,,EDO7508,26-06-2026
HASSAN,DLAMINI,+267 712 873 045,Botswana,Lovely Professional University,Enrolled,ABDUL,USD,2500,2500,,,EDO7157,26-01-2025
Emmanuel,Mwale,Not Found,Uganda,SRM Chennai,Enrolled,Abdul,USD,1000,0,,,EDO7936,11-Mar-2026
KEMI,Kamau,Not Found,Zambia,upes,In Progress,Priya,,Rs.60000,60000,,,EDO8921,14-08-2024
wanjiru,Diop,+267 111 220 039,Botswana,Amity Noida,Dropped,Not Assigned,,3000 USD,401,,,EDO1470,30-01-2026
omar,,263190033697,Zimbabwe,Sharda University,Enrolled,Akshay,,Rs.45000,2201,,,EDO8557,16-07-2026
Moses,wanjiru,234453964236,Nigeria,VIT University,On Hold,Akshay,USD,1000,1000,,,EDO4464,29-02-2024
Aisha,,474113914,Kenya,Amity Noida,Waitlisted,Vivek,USD,2000,286,,,EDO4781,21-04-2026
OMAR,ZULU,N/A,Rwanda,Bennett University,Dropped,ABDUL,,3000 USD,3000,,,EDO7323,31-05-2024
Samuel,TOURE,+263096424048,Zimbabwe,Not Assigned,Active,Priya,USD,1000,1000,,,EDO9863,26-02-2025
Ruth,Camara,+234183703014,Nigeria,SRM CHENNAI,Dropped,ABDUL,,Rs.75000,0,,,EDO5679,17-11-2026
BLESSING,,+234 953 394 727,Nigeria,BENNETT UNIVERSITY,Waitlisted,Unknown,,60000 INR,60000,,,EDO3882,01-12-2025
Otieno,ABEBE,234327078733,Nigeria,srm chennai,Pending,VIVEK,,USD 750,85,,,EDO9256,03-01-2025
Kwame,OWINO,+263999815791,Zimbabwe,bennett university,Pending,Unknown,INR,45000,3079,,,EDO6439,10-12-2026
Ebuka,alemu,+237 513 791 206,Cameroon,AMITY NOIDA,Enrolled,MANAN,inr,1000,0,,,EDO6518,31-07-2026
NGOZI,Mokoena,+250010805617,Rwanda,SRM UNIVERSITY,Enrolled,Akshay,,$750,750,,,EDO5288,26-09-2024
TUNDE,mvula,+265 683 878 972,Malawi,Lovely Professional University,Enrolled,Vivek,INR,75000,17109,,,EDO5082,13-10-2024
SOLOMON,kebede,N/A,Nigeria,lpu,Deferred,Vivek,,INR 75000,22764,,,EDO2326,30-07-2025
HOPE,Alemu,255845203933,Tanzania,UPES,Active,Priya,$,2000,275,,,EDO6392,17-05-2026
Kamau,NWOSU,4666390,Rwanda,manipal university,In Progress,Akshay,USD,1500,1500,,,EDO7828,14-09-2024
aminata,Okafor,+234525057188,Nigeria,VIT University,Active,PRIYA,USD,2000,2000,,,EDO6309,10-06-2026
NIA,KHUMALO,233391598320,Ghana,,On Hold,Priya,,USD 1500,446,,,EDO9022,27-07-2025
sipho,owino,+255 128 155 997,Tanzania,Amity Noida,Deferred,Manan,,"$2,500",1035,,,EDO7715,22-11-2024
GRACE,FALL,250346998346,Rwanda,,Pending,Not Assigned,,USD 3000,0,,,EDO6025,20-10-2024
OLUMIDE,mbewe,254010014266,Kenya,bennett university,In Progress,abdul,USD,2500,1207,,,EDO7269,16-10-2024
nomsa,,179631483,Botswana,Amity University,Pending,VIVEK,USD,2000,2000,,,EDO5710,10-11-2024
Mutua,Banda,988559841,Zimbabwe,vit university,Waitlisted,Mayank,,2500 USD,473,,,EDO7970,23-02-2024
Nomsa,KAPINGA,264453249619,Namibia,LPU,Dropped,AKSHAY,USD,1000,391,,,EDO5191,13-09-2024
Emmanuel,Cele,Not Found,Ghana,LPU,In Progress,Not Assigned,,INR 45000,13147,,,EDO1469,16-12-2024
ibrahim,Balde,+251 197 107 479,Ethiopia,Manipal University,Active,akshay,INR,60000,45591,,,EDO2334,14-06-2025
thabo,Wanjiru,+264496898829,Namibia,SRM University,Active,Vivek,USD,2000,32,,,EDO8654,27-05-2024
yemi,Diop,+251807725838,Ethiopia,Sharda University,Pending,Vivek,$,2000,0,,,EDO2271,10-12-2025
OMONDI,Toure,163791273,Zambia,UPES,Waitlisted,mayank,,USD 2500,0,,,EDO4318,12-Mar-2025
Abraham,okafor,N/A,Ghana,amity noida,Active,Manan,usd,60000,60000,,,EDO1985,20-10-2024
nia,NDLOVU,+265 575 945 471,Malawi,VIT UNIVERSITY,Pending,Priya,,INR 60000,10801,,,EDO6475,09-11-2025
moses,QUARTEY,N/A,South Africa,sharda university,On Hold,AKSHAY,,45000 INR,0,,,EDO6402,05-01-2024
ISAAC,DLAMINI,+260770351185,Zambia,srm chennai,Enrolled,Not Found,INR,75000,0,,,EDO1613,06-Dec-2026
Ngozi,MOKOENA,+264797747949,Namibia,Lovely Professional University,Waitlisted,Akshay,USD,2500,0,,,EDO4536,24-03-2025
chidi,haile,237674474476,Cameroon,Amity University,Enrolled,Vivek,USD,3000,683,,,EDO5914,14-03-2026
zanele,bello,+264324626281,Namibia,Not Assigned,Deferred,Akshay,,"$2,000",254,,,EDO5583,18-11-2025
Amira,MUMBA,+237879921256,Cameroon,amity noida,Waitlisted,PRIYA,inr,75000,43534,,,EDO5878,14-11-2024
ZARA,NWOSU,+250783940789,Rwanda,UPES,On Hold,PRIYA,,"$1,000",108,,,EDO3719,04-05-2024
moses,Kebede,250701017076,Rwanda,Lovely Professional University,Applied,Manan,,USD 1500,705,,,EDO4158,11-04-2026
Nkechi,Njoroge,+251345155560,Ethiopia,LPU,Enrolled,priya,,3000 USD,3000,,,EDO8850,26-04-2024
halima,sithole,+263844768005,Zimbabwe,LPU,Active,manan,,INR 60000,0,,,EDO6302,09-01-2025
peace,Tadesse,+265 295 814 533,Malawi,LPU,Applied,Not Assigned,Rs,60000,33055,,,EDO2313,20-04-2025
Thabo,KAPINGA,250023897659,Rwanda,Chitkara University,Deferred,Akshay,INR,75000,0,,,EDO2300,20-04-2025
MWANGI,boateng,+264000132726,Namibia,Manipal University,Applied,MANAN,,USD 1500,0,,,EDO4088,13-07-2026
Ngozi,Boateng,+234478565735,Nigeria,lpu,Active,MANAN,$,75000,75000,,,EDO2928,26-08-2026
ABRAHAM,WANJIRU,+250408568809,Rwanda,Chitkara University,Deferred,Abdul,usd,750,415,,,EDO2840,04-06-2026
AMIRA,zulu,256126670475,Uganda,CHITKARA UNIVERSITY,Enrolled,Abdul,INR,60000,8517,,,EDO9777,19-07-2025
Emeka,OWUSU,+260966419283,Zambia,AMITY UNIVERSITY,Enrolled,Mayank,,"$2,500",301,,,EDO2732,09-Dec-2025
Adaeze,okafor,809474952,Ghana,upes,Deferred,Akshay,,75000 INR,75000,,,EDO7738,27-03-2024
Daniel,,+251902293551,Ethiopia,Lovely Professional University,Active,akshay,Rs,3000,828,,,EDO9662,29-04-2025
Solomon,BOATENG,234671531179,Nigeria,VIT University,Applied,Manan,usd,45000,12692,,,EDO3550,27-06-2026
Grace,Phiri,+265 394 497 663,Malawi,manipal university,Active,akshay,USD,2000,0,,,EDO7446,01-11-2026
femi,Tesfaye,+263067823726,Zimbabwe,SRM Chennai,In Progress,priya,,USD 2000,2000,,,EDO1624,14-02-2025
Omondi,,+251568889345,Ethiopia,bennett university,On Hold,Mayank,USD,2500,456,,,EDO7656,12-04-2025
ADE,Otieno,Not Found,Cameroon,SRM UNIVERSITY,Active,Akshay,USD,750,0,,,EDO8311,05-Sep-2024
ADAEZE,ADJEI,234428472187,Nigeria,sharda university,Active,Akshay,,Rs.60000,60000,,,EDO2919,24-10-2026
nia,KAMAU,251169340009,Ethiopia,Lovely Professional University,In Progress,Abdul,,INR 75000,75000,,,EDO9265,23-04-2024
Kariuki,OWINO,+256793382915,Uganda,amity noida,Dropped,abdul,,45000 INR,26192,,,EDO2119,07-Aug-2026
Ibrahim,Mwale,164660743,Rwanda,AMITY UNIVERSITY,Enrolled,VIVEK,USD,3000,861,,,EDO9485,30-01-2026
halima,barry,N/A,Kenya,Amity University,On Hold,Priya,USD,2000,427,,,EDO1057,03-02-2024
ngozi,Tesfaye,+264 434 195 129,Namibia,manipal university,Active,Akshay,INR,60000,0,,,EDO1704,02-08-2025
thabo,NWACHUKWU,+250911897601,Rwanda,Lovely Professional University,Enrolled,Abdul,INR,45000,45000,,,EDO5439,09-04-2026
EMMANUEL,MUTUA,256103370043,Uganda,AMITY UNIVERSITY,Waitlisted,Akshay,USD,3000,3000,,,EDO3353,08-Dec-2025
victor,Bello,902230887,Cameroon,UPES,Enrolled,VIVEK,,"$2,000",616,,,EDO7406,23-07-2026
nia,Toure,N/A,Cameroon,amity noida,Inactive,Manan,,Rs.60000,5167,,,EDO3929,24-08-2026
NGOZI,Owino,Not Found,Botswana,SRM Chennai,Pending,Mayank,USD,2000,2000,,,EDO4151,07-01-2025
Isaac,Gyasi,+251 958 877 499,Ethiopia,Lovely Professional University,Enrolled,Abdul,,USD 750,67,,,EDO7536,18-04-2026
Zara,wanjiru,N/A,Malawi,UPES,Active,Priya,,USD 2500,510,,,EDO8935,06-07-2024
Omondi,MOKOENA,+233493627017,Ghana,UPES,Applied,Priya,,$750,0,,,EDO4312,01-09-2025
Esther,Abebe,+254056204196,Kenya,Amity University,Enrolled,Not Found,$,2500,1068,,,EDO3680,12-12-2024
Daniel,NJOROGE,+251 867 466 915,Ethiopia,lovely professional university,Active,Priya,$,2500,2500,,,EDO3989,19-07-2024
KEMI,Wanjiru,+265899036058,Malawi,srm chennai,Dropped,Akshay,USD,2500,707,,,EDO5838,25-06-2024
Nomsa,achieng,+237 756 255 007,Cameroon,VIT University,Deferred,Vivek,,$750,750,,,EDO8014,05-Apr-2024
Emmanuel,khumalo,265417823971,Malawi,SRM University,On Hold,Manan,,USD 3000,1375,,,EDO7326,11-07-2024
Sade,Mthembu,+237175193002,Cameroon,lovely professional university,Waitlisted,Manan,USD,2500,0,,,EDO2058,06-Aug-2025
sipho,TESFAYE,Not Found,Cameroon,amity university,Enrolled,MANAN,USD,3000,3000,,,EDO1660,04-Aug-2025
Yusuf,Uche,256309352555,Uganda,Manipal University,Pending,Abdul,USD,2500,682,,,EDO8111,16-04-2024
RUTENDO,Appiah,+27745999788,South Africa,,Waitlisted,Priya,Rs,3000,2445,,,EDO6637,26-08-2024
Victor,Owino,255359944901,Tanzania,Sharda University,Pending,Priya,,USD 3000,893,,,EDO1257,30-06-2024
victor,Ndlovu,549348707,Zimbabwe,lpu,Enrolled,Mayank,,USD 1500,1500,,,EDO8068,18-06-2024
otieno,Mbewe,+250089398019,Rwanda,manipal university,Enrolled,Priya,,2500 USD,0,,,EDO1325,22-11-2024
Musa,bekele,N/A,Nigeria,LPU,Pending,abdul,,INR 75000,75000,,,EDO7538,01-01-2024
isaac,Nkosi,255387012976,Tanzania,Chitkara University,Enrolled,Vivek,,750 USD,0,,,EDO3593,05-02-2026
Emeka,,+264 244 039 262,Namibia,AMITY NOIDA,Enrolled,Priya,,"$3,000",0,,,EDO8928,13-09-2026
rutendo,Ndlovu,952138734,Rwanda,SRM Chennai,On Hold,Abdul,USD,3000,0,,,EDO2359,14-04-2026
Abraham,MVULA,255632796814,Tanzania,upes,Applied,Vivek,,INR 45000,8026,,,EDO4013,08-08-2025
ibrahim,OWUSU,N/A,Tanzania,Chitkara University,Inactive,Vivek,,750 USD,750,,,EDO7827,17-11-2026
TENDAI,,N/A,Zambia,SRM Chennai,Active,priya,,USD 1000,0,,,EDO6391,31-07-2024
ZARA,Adeyemi,+260242970821,Zambia,Lovely Professional University,On Hold,Mayank,,75000 INR,75000,,,EDO2678,20-05-2024
CHISOM,Phiri,+254079262534,Kenya,SRM University,Enrolled,akshay,,750 USD,750,,,EDO3852,13-01-2026
SOLOMON,KHUMALO,+27508675615,South Africa,Bennett University,Enrolled,VIVEK,usd,3000,0,,,EDO1523,11-12-2024
Wanjiru,FALL,+250622537087,Rwanda,SRM University,Active,Unknown,USD,1500,413,,,EDO7940,17-04-2025
olumide,UCHE,260230666214,Zambia,LPU,Enrolled,Vivek,USD,1000,431,,,EDO8601,20-10-2026
TENDAI,boateng,+264 826 544 024,Namibia,SRM University,Enrolled,Vivek,,Rs.75000,0,,,EDO8714,15-01-2025
Zanele,OKEKE,+264 594 439 898,Namibia,lovely professional university,Dropped,Vivek,,INR 60000,60000,,,EDO5491,09-10-2026
Thabo,Gyasi,+265194212782,Malawi,Amity Noida,Waitlisted,Unknown,,USD 2000,2000,,,EDO7677,06-09-2024
Wanjiru,Mthembu,+264571293845,Namibia,Not Assigned,Active,PRIYA,USD,1500,1500,,,EDO2018,09-08-2024
zanele,mabaso,263761379165,Zimbabwe,SRM CHENNAI,Waitlisted,AKSHAY,,2000 USD,1194,,,EDO4527,23-05-2026
TUNDE,Omondi,+255299165318,Tanzania,VIT University,Enrolled,ABDUL,,USD 2500,0,,,EDO9177,02-10-2024
femi,tadesse,257216766,Malawi,LOVELY PROFESSIONAL UNIVERSITY,Pending,Unknown,,$750,258,,,EDO2458,26-11-2026
Njoroge,Dlamini,267936313916,Botswana,SRM Chennai,Deferred,akshay,USD,750,750,,,EDO4080,04-09-2026
Halima,BALDE,+265 975 121 039,Malawi,UPES,Pending,Abdul,USD,2000,2000,,,EDO6817,25-09-2025
tunde,Diallo,+267130317884,Botswana,chitkara university,Dropped,Akshay,USD,1000,0,,,EDO6762,04-03-2026
Esther,nkosi,+237 726 305 087,Cameroon,bennett university,Pending,Mayank,,INR 75000,55247,,,EDO8173,21-09-2025
EBUKA,Bekele,+254646914740,Kenya,LOVELY PROFESSIONAL UNIVERSITY,In Progress,Not Found,,INR 75000,75000,,,EDO4531,09-11-2024
OTIENO,MBEWE,237843286192,Cameroon,VIT UNIVERSITY,Deferred,Abdul,,Rs.75000,45655,,,EDO2187,04-Jul-2024
abraham,Camara,+260 600 311 452,Zambia,Chitkara University,Active,AKSHAY,,Rs.60000,60000,,,EDO5457,04-Apr-2026
Aminata,Khumalo,+265347849645,Malawi,Lovely Professional University,Applied,Priya,USD,750,750,,,EDO4527,17-08-2024
BINTA,mokoena,865769327,Rwanda,LOVELY PROFESSIONAL UNIVERSITY,On Hold,Priya,INR,75000,0,,,EDO4268,22-05-2025
Mutua,,255005661846,Tanzania,sharda university,Enrolled,Akshay,,1500 USD,1500,,,EDO3824,29-11-2025
adaeze,,+234 952 020 743,Nigeria,,Pending,ABDUL,,USD 1500,22,,,EDO1238,13-04-2024
Faith,TESFAYE,256259516624,Uganda,lovely professional university,Waitlisted,Akshay,USD,1500,166,,,EDO7358,24-08-2026
emmanuel,Mbewe,251928492426,Ethiopia,LPU,Inactive,Vivek,USD,60000,60000,,,EDO7174,16-12-2026
MWANGI,Bekele,250221830868,Rwanda,Amity University,Pending,Manan,,3000 USD,280,,,EDO3028,30-09-2025
ibrahim,dike,N/A,Cameroon,LPU,Inactive,Vivek,,1500 USD,0,,,EDO9218,10-Feb-2026
halima,Alemu,+264 144 069 705,Namibia,,In Progress,Abdul,usd,45000,9857,,,EDO7596,03-01-2025
MWANGI,Sithole,237951277,Tanzania,MANIPAL UNIVERSITY,On Hold,Mayank,,2000 USD,2000,,,EDO6181,22-02-2025
Halima,mokoena,264459133445,Namibia,LPU,Enrolled,Vivek,,Rs.45000,4596,,,EDO2184,19-05-2026
isaac,boateng,Not Found,Uganda,Lovely Professional University,Applied,ABDUL,$,750,80,,,EDO2034,09-Jan-2025
LINET,banda,+251321179861,Ethiopia,Amity Noida,In Progress,Vivek,USD,2500,0,,,EDO8312,01-02-2025
Binta,diop,+265174410132,Malawi,SRM CHENNAI,Pending,Manan,,"$2,000",2000,,,EDO9571,27-02-2025
Abena,Owino,+264504250220,Namibia,AMITY NOIDA,Pending,Vivek,,"$2,000",2000,,,EDO7829,02-03-2026
Njoroge,Bello,46193364,Tanzania,Chitkara University,Enrolled,Abdul,,750 USD,57,,,EDO1978,18-08-2025
Victor,zungu,N/A,South Africa,SRM Chennai,In Progress,Priya,,USD 750,0,,,EDO6986,11-05-2024
Tendai,CAMARA,67051680,Ethiopia,Lovely Professional University,Deferred,mayank,,USD 750,750,,,EDO5076,28-08-2026
otieno,Kamau,Not Found,Botswana,sharda university,Active,PRIYA,$,3000,3000,,,EDO9552,19-02-2026
HALIMA,Barry,N/A,Namibia,Not Assigned,Enrolled,MAYANK,USD,1500,1500,,,EDO3059,21-03-2025
Kariuki,Fall,+264174638646,Namibia,,Pending,ABDUL,,INR 45000,2787,,,EDO7289,15-04-2025
LINET,OMONDI,260328085227,Zambia,Not Assigned,Pending,MANAN,,INR 75000,75000,,,EDO9747,20-01-2026
KEMI,phiri,295860140,Tanzania,VIT University,Applied,Akshay,,2000 USD,2000,,,EDO2116,21-10-2025
Daniel,,251094582306,Ethiopia,MANIPAL UNIVERSITY,Deferred,Unknown,,"$1,500",331,,,EDO8178,30-03-2026
Ruth,Zulu,256290461508,Uganda,UPES,Pending,Unknown,,Rs.45000,0,,,EDO8856,26-02-2024
Joy,Asante,255995151326,Tanzania,,In Progress,Unknown,USD,1500,1500,,,EDO8757,24-08-2025
OMAR,OWUSU,+27395820526,South Africa,UPES,Active,mayank,,1500 USD,1500,,,EDO1779,11-10-2024
ruth,Otieno,254327960066,Kenya,amity noida,Waitlisted,Priya,USD,2000,847,,,EDO4200,12-06-2025
zara,tadesse,+256 752 657 566,Uganda,LPU,Pending,Akshay,$,75000,18174,,,EDO8596,28-04-2025
Sade,,256998765674,Uganda,amity noida,Enrolled,Not Found,,1000 USD,0,,,EDO7176,20-11-2025
Nia,kapinga,+251192564716,Ethiopia,SRM University,Active,PRIYA,,USD 3000,1332,,,EDO3503,21-07-2024
femi,PHIRI,908069079,Tanzania,VIT University,Deferred,Mayank,USD,3000,2019,,,EDO2272,18-05-2026
halima,boateng,489363227,Rwanda,lovely professional university,Active,Not Assigned,,INR 75000,0,,,EDO2515,14-04-2025
adaeze,NDLOVU,234217107737,Nigeria,Bennett University,On Hold,Not Assigned,,"$2,500",137,,,EDO1064,13-05-2026
hassan,Appiah,Not Found,Zimbabwe,chitkara university,Enrolled,Akshay,,1500 USD,1500,,,EDO8071,05-03-2024
Victor,Nkosi,27452929,Rwanda,Lovely Professional University,Applied,Akshay,,"$1,000",238,,,EDO9540,19-04-2026
RUTH,tembo,+267 603 821 805,Botswana,Sharda University,Applied,Unknown,INR,45000,0,,,EDO8389,10-02-2024
olumide,Bello,182718417,Zambia,VIT UNIVERSITY,Applied,Akshay,USD,2000,529,,,EDO8804,27-06-2024
ZANELE,CAMARA,250721042728,Rwanda,Manipal University,Pending,VIVEK,,Rs.45000,10033,,,EDO4761,13-07-2026
Halima,CELE,360892343,Rwanda,bennett university,Active,akshay,,INR 45000,7342,,,EDO1051,07-05-2026
hassan,fall,260723275376,Zambia,upes,In Progress,Abdul,USD,3000,3000,,,EDO4940,04-May-2024
ade,NKOSI,698849604,Zimbabwe,srm university,Enrolled,Vivek,,USD 3000,0,,,EDO9240,25-07-2025
CHISOM,MUMBA,N/A,Ethiopia,bennett university,Active,PRIYA,USD,2500,2500,,,EDO2003,02-10-2026
Adaeze,mensah,+27990133246,South Africa,SRM Chennai,Applied,Unknown,USD,2500,0,,,EDO4714,10-10-2024
Tunde,Boateng,+255106528162,Tanzania,VIT University,Deferred,Abdul,USD,1000,431,,,EDO7109,26-07-2024
ABRAHAM,BELLO,Not Found,Rwanda,SRM Chennai,Enrolled,MANAN,USD,1000,156,,,EDO6095,01-10-2026
MUSA,Obi,N/A,Tanzania,UPES,Enrolled,Vivek,,USD 3000,2044,,,EDO6481,22-06-2026
YUSUF,KAMAU,234398449286,Nigeria,LPU,On Hold,ABDUL,inr,3000,3000,,,EDO3728,08-09-2025
aminata,adjei,+233019200111,Ghana,VIT University,Active,Mayank,,INR 45000,45000,,,EDO3581,26-01-2024
Peace,,N/A,Botswana,BENNETT UNIVERSITY,Enrolled,Unknown,USD,1000,811,,,EDO7858,05-04-2024
Binta,Ndlovu,+265 624 062 221,Malawi,Lovely Professional University,Active,ABDUL,inr,3000,3000,,,EDO5176,15-01-2026
Kemi,DLAMINI,+256490771500,Uganda,Amity Noida,Inactive,Not Assigned,,"$1,500",0,,,EDO8209,25-10-2025
Isaac,ACHIENG,540390245,Nigeria,Bennett University,Active,Mayank,USD,750,572,,,EDO7543,24-02-2025
Aminata,gyasi,N/A,Ghana,LOVELY PROFESSIONAL UNIVERSITY,Enrolled,Vivek,,INR 75000,6670,,,EDO7445,30-08-2025
NKECHI,PHIRI,264134968177,Namibia,Bennett University,Enrolled,mayank,USD,1500,1500,,,EDO4845,12-11-2026
ngozi,Phiri,+233743422686,Ghana,upes,Inactive,Not Assigned,,$750,0,,,EDO7221,09-01-2025
AMINATA,ndiaye,256605312846,Uganda,Manipal University,Active,Abdul,,2000 USD,639,,,EDO1411,06-Feb-2025
Tunde,,+255641067929,Tanzania,SRM UNIVERSITY,Inactive,Vivek,USD,2000,712,,,EDO7966,22-11-2025
EMMANUEL,mensah,Not Found,Nigeria,SRM UNIVERSITY,Pending,Akshay,USD,1000,0,,,EDO7957,07-02-2026
OTIENO,Banda,27475193355,South Africa,Lovely Professional University,Pending,Priya,,Rs.45000,0,,,EDO8403,26-07-2026
Binta,Bello,+254110577390,Kenya,lovely professional university,On Hold,Unknown,,USD 1000,257,,,EDO2157,04-06-2024
blessing,Asante,Not Found,Kenya,srm university,Active,Mayank,INR,45000,14012,,,EDO4853,15-12-2025
Linet,Achieng,N/A,Ethiopia,UPES,Active,Akshay,,USD 1000,265,,,EDO1583,03-11-2026
Victor,Boateng,+237 973 960 963,Cameroon,Sharda University,Active,Unknown,USD,3000,416,,,EDO5765,12-Oct-2024
ibrahim,Bello,+27 376 763 715,South Africa,chitkara university,Dropped,Mayank,,INR 45000,45000,,,EDO3085,02-09-2024
ade,diop,933714004,Namibia,sharda university,Deferred,Abdul,usd,1000,0,,,EDO1865,18-05-2025
Linet,TESFAYE,+267923158486,Botswana,Manipal University,Enrolled,MANAN,,Rs.60000,2977,,,EDO2881,27-01-2026
HOPE,NDLOVU,263901821468,Zimbabwe,Amity Noida,Active,akshay,,Rs.75000,0,,,EDO2988,30-04-2024
Emmanuel,EZE,415139042,Malawi,VIT UNIVERSITY,On Hold,priya,USD,1500,0,,,EDO8018,18-09-2025